Time,Oven T,Chamber T,Oven output
2021-12-10 12:27:31,33.9,21.04,0
2021-12-10 12:29:36,35.1,21.39,0
2021-12-10 12:31:40,36.4,21.71,0
2021-12-10 12:33:45,37.5,21.87,0
2021-12-10 12:35:50,38.5,21.94,0
2021-12-10 12:37:54,39.6,21.97,0
2021-12-10 12:39:59,40.7,22.25,0
2021-12-10 12:42:03,41.6,22.55,0
2021-12-10 12:44:08,42.6,22.65,0
2021-12-10 12:46:13,43.6,22.91,0
2021-12-10 12:48:17,44.5,23.29,0
2021-12-10 12:50:22,45.4,23.54,0
2021-12-10 12:52:26,46.3,23.82,0
2021-12-10 12:54:31,47.1,24.01,0
2021-12-10 12:56:36,47.9,24.44,0
2021-12-10 12:58:40,48.7,24.59,0
2021-12-10 13:00:45,49.5,25.02,0
2021-12-10 13:02:49,50.2,25.32,0
2021-12-10 13:04:54,51.0,25.47,0
2021-12-10 13:06:59,51.6,25.8,0
2021-12-10 13:09:03,52.3,26.22,0
2021-12-10 13:11:08,53.0,26.53,0
2021-12-10 13:13:12,53.7,26.73,0
2021-12-10 13:15:17,54.3,27.27,0
2021-12-10 13:17:22,54.9,27.43,0
2021-12-10 13:19:26,55.5,27.77,0
2021-12-10 13:21:31,56.0,27.91,0
2021-12-10 13:23:36,56.6,28.57,0
2021-12-10 13:25:40,57.2,28.76,0
2021-12-10 13:27:45,57.7,29.08,0
2021-12-10 13:29:49,58.3,29.54,0
2021-12-10 13:31:54,58.8,29.92,0
2021-12-10 13:33:59,59.3,30.09,0
2021-12-10 13:36:03,59.7,30.56,0
2021-12-10 13:38:08,60.2,31.05,0
2021-12-10 13:40:12,60.7,31.25,0
2021-12-10 13:42:17,61.1,31.43,0
2021-12-10 13:44:22,61.6,31.87,0
2021-12-10 13:46:26,62.0,32.36,0
2021-12-10 13:48:31,62.4,32.6,0
2021-12-10 13:50:36,62.8,33.04,0
2021-12-10 13:52:40,63.2,33.43,0
2021-12-10 13:54:45,63.6,33.61,0
2021-12-10 13:56:49,64.0,33.95,0
2021-12-10 13:58:54,64.3,34.42,0
2021-12-10 14:00:58,64.7,34.68,0
2021-12-10 14:03:03,65.1,35.0,0
2021-12-10 14:05:08,65.4,35.23,0
2021-12-10 14:07:12,65.7,35.75,0
2021-12-10 14:09:17,66.1,36.12,0
2021-12-10 14:11:21,66.4,36.38,0
2021-12-10 14:13:26,66.7,36.7,0
2021-12-10 14:15:31,67.0,37.3,0
2021-12-10 14:17:35,67.3,37.46,0
2021-12-10 14:19:40,67.5,37.69,0
2021-12-10 14:21:44,67.8,38.06,0
2021-12-10 14:23:49,68.1,38.3,0
2021-12-10 14:25:54,68.3,38.62,0
2021-12-10 14:27:58,68.6,39.01,0
2021-12-10 14:30:03,68.8,39.36,0
2021-12-10 14:32:07,69.1,39.49,0
2021-12-10 14:34:12,69.3,39.81,0
2021-12-10 14:36:17,69.5,40.23,0
2021-12-10 14:38:21,69.8,40.68,0
2021-12-10 14:40:26,70.0,41.01,0
2021-12-10 14:42:31,70.2,41.29,0
2021-12-10 14:44:35,70.4,41.48,0
2021-12-10 14:46:40,70.7,41.85,0
2021-12-10 14:48:45,70.8,42.17,0
2021-12-10 14:50:49,71.0,42.36,0
2021-12-10 14:52:54,71.3,42.73,0
2021-12-10 14:54:59,71.5,42.87,0
2021-12-10 14:57:03,71.6,43.21,0
2021-12-10 14:59:08,72.4,43.64,5
2021-12-10 15:01:12,72.9,43.87,6
2021-12-10 15:03:17,73.5,44.18,8
2021-12-10 15:05:22,74.1,44.66,5
2021-12-10 15:07:26,74.7,45.01,4
2021-12-10 15:09:31,75.3,45.16,6
2021-12-10 15:11:36,75.8,45.62,7
2021-12-10 15:13:40,76.4,45.94,6
2021-12-10 15:15:45,77.0,46.27,11
2021-12-10 15:17:49,77.6,46.61,4
2021-12-10 15:19:54,78.2,47.09,8
2021-12-10 15:21:59,78.8,47.43,2
2021-12-10 15:24:03,79.4,47.71,5
2021-12-10 15:26:08,80.0,48.12,8
2021-12-10 15:28:12,80.5,48.46,9
2021-12-10 15:30:17,81.1,48.76,4
2021-12-10 15:32:21,81.7,49.18,9
2021-12-10 15:34:26,82.3,49.49,7
2021-12-10 15:36:31,82.9,49.85,10
2021-12-10 15:38:35,83.4,50.25,6
2021-12-10 15:40:40,84.0,50.64,9
2021-12-10 15:42:45,84.7,51.11,5
2021-12-10 15:44:49,85.2,51.51,8
2021-12-10 15:46:54,85.8,51.75,10
2021-12-10 15:48:58,86.4,52.29,4
2021-12-10 15:51:03,87.0,52.51,2
2021-12-10 15:53:08,87.6,52.98,7
2021-12-10 15:55:12,88.2,53.44,8
2021-12-10 15:57:17,88.7,53.9,9
2021-12-10 15:59:21,89.3,54.2,6
2021-12-10 16:01:26,90.0,54.62,2
2021-12-10 16:03:31,90.5,54.92,6
2021-12-10 16:05:35,91.1,55.46,6
2021-12-10 16:07:40,91.6,55.8,7
2021-12-10 16:09:44,92.2,56.17,12
2021-12-10 16:11:49,92.8,56.61,8
2021-12-10 16:13:54,93.4,57.06,7
2021-12-10 16:15:58,94.0,57.54,6
2021-12-10 16:18:03,94.6,58.01,10
2021-12-10 16:20:08,95.2,58.2,10
2021-12-10 16:22:12,95.8,58.63,5
2021-12-10 16:24:17,96.4,59.23,6
2021-12-10 16:26:21,96.9,59.54,10
2021-12-10 16:28:26,97.5,59.93,9
2021-12-10 16:30:31,98.1,60.56,14
2021-12-10 16:32:35,98.7,60.75,6
2021-12-10 16:34:40,99.3,61.23,6
2021-12-10 16:36:44,99.9,61.85,9
2021-12-10 16:38:49,100.4,62.17,10
2021-12-10 16:40:54,101.1,62.55,8
2021-12-10 16:42:58,101.6,62.94,7
2021-12-10 16:45:03,102.2,63.42,8
2021-12-10 16:47:07,102.8,63.85,4
2021-12-10 16:49:12,103.4,64.13,9
2021-12-10 16:51:16,103.9,64.72,9
2021-12-10 16:53:21,104.5,65.09,11
2021-12-10 16:55:26,105.1,65.74,7
2021-12-10 16:57:30,105.7,65.96,3
2021-12-10 16:59:35,106.3,66.52,7
2021-12-10 17:01:39,106.9,66.95,13
2021-12-10 17:03:44,107.4,67.4,9
2021-12-10 17:05:49,108.0,67.75,9
2021-12-10 17:07:53,108.7,68.21,6
2021-12-10 17:09:58,109.2,68.57,9
2021-12-10 17:12:03,109.8,69.05,11
2021-12-10 17:14:07,110.0,69.67,5
2021-12-10 17:16:12,110.0,69.97,9
2021-12-10 17:18:17,110.0,70.39,12
2021-12-10 17:20:21,110.0,70.77,14
2021-12-10 17:22:26,110.0,71.24,11
2021-12-10 17:24:31,110.0,71.77,9
2021-12-10 17:26:35,110.0,72.07,8
2021-12-10 17:28:40,110.0,72.38,9
2021-12-10 17:30:44,110.0,72.68,8
2021-12-10 17:32:49,110.0,73.16,6
2021-12-10 17:34:53,110.0,73.58,8
2021-12-10 17:36:58,110.0,73.97,6
2021-12-10 17:39:03,110.0,74.27,9
2021-12-10 17:41:07,110.0,74.74,4
2021-12-10 17:43:12,110.0,74.99,9
2021-12-10 17:45:17,110.0,75.34,9
2021-12-10 17:47:21,110.0,75.51,9
2021-12-10 17:49:26,110.0,76.05,13
2021-12-10 17:51:30,110.0,76.3,10
2021-12-10 17:53:35,110.0,76.66,9
2021-12-10 17:55:40,110.0,77.0,7
2021-12-10 17:57:44,110.0,77.32,9
2021-12-10 17:59:49,110.0,77.65,7
2021-12-10 18:01:53,110.0,77.9,8
2021-12-10 18:03:58,110.0,78.24,7
2021-12-10 18:06:03,110.0,78.36,10
2021-12-10 18:08:07,110.0,78.89,10
2021-12-10 18:10:12,110.0,79.2,12
2021-12-10 18:12:17,110.0,79.5,11
2021-12-10 18:14:21,109.9,79.68,12
2021-12-10 18:16:26,110.0,79.94,6
2021-12-10 18:18:30,110.0,80.13,7
2021-12-10 18:20:35,110.0,80.55,7
2021-12-10 18:22:40,110.0,80.77,7
2021-12-10 18:24:44,110.0,80.82,8
2021-12-10 18:26:49,110.0,81.38,10
2021-12-10 18:28:54,110.0,81.67,7
2021-12-10 18:30:58,110.0,81.79,7
2021-12-10 18:33:03,110.0,82.13,10
2021-12-10 18:35:08,110.0,82.37,5
2021-12-10 18:37:12,110.0,82.8,9
2021-12-10 18:39:17,110.0,82.73,10
2021-12-10 18:41:22,110.0,82.95,9
2021-12-10 18:43:26,110.0,83.45,8
2021-12-10 18:45:31,110,83.5150062,7
2021-12-10 18:47:35,110,83.9119676,8
2021-12-10 18:49:40,110,84.248403,11
2021-12-10 18:51:45,110,84.3900142,9
2021-12-10 18:53:49,110,84.5425594,10
2021-12-10 18:55:54,110,84.8323513,7
2021-12-10 18:57:58,110,85.0896931,7
2021-12-10 19:00:03,110,85.4390328,9
2021-12-10 19:02:07,110,85.5165114,6
2021-12-10 19:04:12,110,85.7748456,6
2021-12-10 19:06:17,110,85.8627608,6
2021-12-10 19:08:21,110,86.1613917,6
2021-12-10 19:10:26,110,86.3408805,7
2021-12-10 19:12:30,110.0,86.64,10
2021-12-10 19:14:35,110.0,86.94,9
2021-12-10 19:16:39,110.0,86.95,6
2021-12-10 19:18:44,110.0,87.22,7
2021-12-10 19:20:49,110.0,87.49,9
2021-12-10 19:22:53,110.0,87.77,6
2021-12-10 19:24:58,110.0,87.82,7
2021-12-10 19:27:03,110.0,88.05,7
2021-12-10 19:29:07,110.0,88.35,8
2021-12-10 19:31:12,110.0,88.52,8
2021-12-10 19:33:17,110.0,88.58,13
2021-12-10 19:35:21,110.0,88.85,10
2021-12-10 19:37:26,110.0,89.14,5
2021-12-10 19:39:31,110.0,89.23,9
2021-12-10 19:41:35,110.0,89.53,8
2021-12-10 19:43:40,110.0,89.59,7
2021-12-10 19:45:45,110.0,89.94,9
2021-12-10 19:47:49,110.0,90.07,11
2021-12-10 19:49:54,110.0,90.08,7
2021-12-10 19:51:59,110.0,90.35,6
2021-12-10 19:54:03,110.0,90.64,9
2021-12-10 19:56:08,110.0,90.7,10
2021-12-10 19:58:12,110.0,90.88,10
2021-12-10 20:00:17,110.0,91.15,10
2021-12-10 20:02:22,110.0,91.25,6
2021-12-10 20:04:26,110.0,91.45,7
2021-12-10 20:06:31,110.0,91.81,11
2021-12-10 20:08:35,110.0,91.89,8
2021-12-10 20:10:40,110.0,92.0,10
2021-12-10 20:12:44,110.0,92.1,12
2021-12-10 20:14:49,110.0,92.27,9
2021-12-10 20:16:54,110.0,92.44,10
2021-12-10 20:18:58,110.0,92.54,13
2021-12-10 20:21:03,110.0,92.79,7
2021-12-10 20:23:08,110.0,92.92,8
2021-12-10 20:25:12,110.0,93.12,10
2021-12-10 20:27:17,110.0,93.09,11
2021-12-10 20:29:21,110.0,93.38,9
2021-12-10 20:31:26,110.0,93.61,8
2021-12-10 20:33:31,110.0,93.58,3
2021-12-10 20:35:35,110.0,93.97,11
2021-12-10 20:37:40,110.0,93.96,8
2021-12-10 20:39:44,110.0,94.28,7
2021-12-10 20:41:49,110.0,94.3,7
2021-12-10 20:43:53,110.0,94.5,9
2021-12-10 20:45:58,110.0,94.76,6
2021-12-10 20:48:03,110.0,94.73,10
2021-12-10 20:50:07,110.0,94.77,6
2021-12-10 20:52:12,110.0,95.08,7
2021-12-10 20:54:16,110.1,95.34,6
2021-12-10 20:56:21,110.0,95.32,7
2021-12-10 20:58:26,110.0,95.58,8
2021-12-10 21:00:30,110.0,95.65,10
2021-12-10 21:02:35,110.0,95.74,3
2021-12-10 21:04:39,110.0,95.81,7
2021-12-10 21:06:44,110.0,95.95,9
2021-12-10 21:08:49,110.0,96.16,4
2021-12-10 21:10:53,110.0,96.38,8
2021-12-10 21:12:58,110.0,96.37,9
2021-12-10 21:15:03,110.0,96.61,10
2021-12-10 21:17:07,110.0,96.83,10
2021-12-10 21:19:12,110.0,96.88,9
2021-12-10 21:21:16,110.0,96.89,3
2021-12-10 21:23:21,110.0,97.09,7
2021-12-10 21:25:26,110.0,97.09,6
2021-12-10 21:27:30,110.0,97.15,6
2021-12-10 21:29:35,110.0,97.48,10
2021-12-10 21:31:39,110.0,97.54,11
2021-12-10 21:33:44,110.0,97.81,11
2021-12-10 21:35:49,110.0,97.66,9
2021-12-10 21:37:54,110.0,97.9,9
2021-12-10 21:39:58,110.0,98.08,8
2021-12-10 21:42:03,110.0,98.19,10
2021-12-10 21:44:07,110.0,98.14,4
2021-12-10 21:46:12,110.0,98.37,3
2021-12-10 21:48:17,110.0,98.62,9
2021-12-10 21:50:21,110.0,98.62,10
2021-12-10 21:52:26,110.0,98.5,7
2021-12-10 21:54:30,110.0,98.74,9
2021-12-10 21:56:35,110.0,98.85,13
2021-12-10 21:58:40,110.0,99.06,8
2021-12-10 22:00:44,110.0,98.86,8
2021-12-10 22:02:49,110.0,99.24,11
2021-12-10 22:04:54,110.0,99.26,8
2021-12-10 22:06:58,110.0,99.46,12
2021-12-10 22:09:03,110.0,99.47,8
2021-12-10 22:11:07,110.0,99.87,8
2021-12-10 22:13:12,110.0,99.67,6
2021-12-10 22:15:17,110.0,99.66,7
2021-12-10 22:17:21,110.0,99.88,5
2021-12-10 22:19:26,110.0,99.95,7
2021-12-10 22:21:31,110.0,100.21,5
2021-12-10 22:23:35,110.1,100.21,4
2021-12-10 22:25:40,110.0,100.37,7
2021-12-10 22:27:45,110.0,100.54,12
2021-12-10 22:29:49,110.0,100.44,10
2021-12-10 22:31:54,110.0,100.45,5
2021-12-10 22:33:58,110.0,100.72,9
2021-12-10 22:36:03,110.0,100.86,8
2021-12-10 22:38:07,110.0,100.84,7
2021-12-10 22:40:12,110.0,101.11,5
2021-12-10 22:42:17,110.0,100.95,6
2021-12-10 22:44:21,110.0,101.16,7
2021-12-10 22:46:26,110.0,101.15,9
2021-12-10 22:48:30,110.0,101.2,7
2021-12-10 22:50:35,110.0,101.22,13
2021-12-10 22:52:40,110.0,101.46,7
2021-12-10 22:54:44,110.0,101.51,8
2021-12-10 22:56:49,110.0,101.73,8
2021-12-10 22:58:54,110.0,101.62,6
2021-12-10 23:00:58,110.0,101.92,9
2021-12-10 23:03:03,110.0,101.87,10
2021-12-10 23:05:07,110.0,101.89,10
2021-12-10 23:07:12,110.0,102.11,6
2021-12-10 23:09:17,110.0,101.99,6
2021-12-10 23:11:21,110.0,102.14,4
2021-12-10 23:13:26,110.0,102.43,11
2021-12-10 23:15:30,110.0,102.41,13
2021-12-10 23:17:35,110.0,102.4,11
2021-12-10 23:19:39,110.0,102.48,7
2021-12-10 23:21:44,110.0,102.59,12
2021-12-10 23:23:49,110.0,102.73,10
2021-12-10 23:25:53,110.0,102.75,7
2021-12-10 23:27:58,110.0,102.63,7
2021-12-10 23:30:03,110.0,102.79,7
2021-12-10 23:32:07,110.0,102.78,12
2021-12-10 23:34:12,110.0,102.9,11
2021-12-10 23:36:16,110.0,103.11,8
2021-12-10 23:38:21,110.0,103.16,4
2021-12-10 23:40:26,110.0,103.07,6
2021-12-10 23:42:30,110.0,103.15,9
2021-12-10 23:44:35,110.0,103.32,10
2021-12-10 23:46:39,110.0,103.62,9
2021-12-10 23:48:44,110.0,103.51,8
2021-12-10 23:50:48,110.0,103.61,7
2021-12-10 23:52:53,110.0,103.76,6
2021-12-10 23:54:58,110.0,103.58,10
2021-12-10 23:57:03,110.0,103.52,10
2021-12-10 23:59:38,110.0,103.79,9
2021-12-11 0:01:43,110.0,103.75,14
2021-12-11 0:03:48,110.1,103.87,2
2021-12-11 0:05:52,110.0,104.0,8
2021-12-11 0:07:57,110.0,103.89,9
2021-12-11 0:10:01,110.0,104.05,5
2021-12-11 0:12:06,110.0,104.17,7
2021-12-11 0:14:11,110.0,104.07,7
2021-12-11 0:16:15,110.1,104.3,3
2021-12-11 0:18:20,110.0,104.43,14
2021-12-11 0:20:24,110.0,104.33,8
2021-12-11 0:22:29,110.0,104.51,2
2021-12-11 0:24:34,110.0,104.6,7
2021-12-11 0:26:38,110.0,104.45,6
2021-12-11 0:28:43,110.0,104.52,7
2021-12-11 0:30:47,110.0,104.55,8
2021-12-11 0:32:52,110.0,104.93,9
2021-12-11 0:34:56,110.0,104.75,9
2021-12-11 0:37:01,110.0,104.84,4
2021-12-11 0:39:06,110.0,104.89,11
2021-12-11 0:41:10,110.0,105.04,8
2021-12-11 0:43:15,110.0,104.91,6
2021-12-11 0:45:19,110.0,104.96,7
2021-12-11 0:47:24,110.0,105.01,9
2021-12-11 0:49:29,110.0,105.19,7
2021-12-11 0:51:33,110.0,105.06,10
2021-12-11 0:53:38,110.0,105.25,10
2021-12-11 0:55:42,110.0,105.35,6
2021-12-11 0:57:47,110.0,105.31,7
2021-12-11 0:59:52,110.0,105.38,9
2021-12-11 1:01:56,110.0,105.35,7
2021-12-11 1:04:01,110.0,105.48,8
2021-12-11 1:06:05,110.0,105.6,9
2021-12-11 1:08:10,110.0,105.48,4
2021-12-11 1:10:15,110.0,105.65,11
2021-12-11 1:12:19,110.0,105.73,7
2021-12-11 1:14:24,110.0,105.52,7
2021-12-11 1:16:29,110.0,105.57,14
2021-12-11 1:18:33,110.0,105.73,9
2021-12-11 1:20:38,110.0,105.8,8
2021-12-11 1:22:42,110.0,105.64,6
2021-12-11 1:24:47,110.0,105.83,10
2021-12-11 1:26:52,110.0,106.05,10
2021-12-11 1:28:56,110.0,106.06,8
2021-12-11 1:31:01,110.0,105.96,8
2021-12-11 1:33:05,110.0,106.08,11
2021-12-11 1:35:10,110.0,106.09,10
2021-12-11 1:37:15,110.0,106.14,8
2021-12-11 1:39:19,110.0,105.99,6
2021-12-11 1:41:24,110.0,106.31,9
2021-12-11 1:43:28,110.0,106.25,5
2021-12-11 1:45:33,110.0,106.38,11
2021-12-11 1:47:37,110.1,106.25,4
2021-12-11 1:49:42,110.0,106.17,10
2021-12-11 1:51:46,110.0,106.33,8
2021-12-11 1:53:51,110.0,106.45,12
2021-12-11 1:55:56,110.0,106.52,6
2021-12-11 1:58:00,110.0,106.48,3
2021-12-11 2:00:05,110.0,106.74,8
2021-12-11 2:02:09,110.0,106.47,9
2021-12-11 2:04:14,110.0,106.63,5
2021-12-11 2:06:19,110.0,106.81,10
2021-12-11 2:08:23,110.0,106.72,8
2021-12-11 2:10:28,110.0,106.66,7
2021-12-11 2:12:32,110.0,106.72,6
2021-12-11 2:14:37,110.0,106.88,10
2021-12-11 2:16:42,110.0,106.87,7
2021-12-11 2:18:46,110.0,106.81,11
2021-12-11 2:20:51,110.0,106.86,11
2021-12-11 2:22:55,110.0,106.84,9
2021-12-11 2:25:00,110.0,106.87,4
2021-12-11 2:27:05,110.0,106.88,9
2021-12-11 2:29:09,110.0,106.9,6
2021-12-11 2:31:14,110.0,107.0,6
2021-12-11 2:33:19,110.0,107.21,11
2021-12-11 2:35:23,110.0,107.12,11
2021-12-11 2:37:28,110.0,107.01,12
2021-12-11 2:39:32,110.0,107.3,8
2021-12-11 2:41:37,110.0,107.13,9
2021-12-11 2:43:41,110.0,107.05,8
2021-12-11 2:45:46,110.0,107.23,6
2021-12-11 2:47:51,110.0,107.31,6
2021-12-11 2:49:55,110.0,107.22,9
2021-12-11 2:52:00,110.0,107.42,7
2021-12-11 2:54:04,110.0,107.44,6
2021-12-11 2:56:09,110.0,107.31,4
2021-12-11 2:58:14,110.0,107.37,6
2021-12-11 3:00:18,110.0,107.36,6
2021-12-11 3:02:23,110.0,107.48,9
2021-12-11 3:04:27,110.0,107.39,9
2021-12-11 3:06:32,110.0,107.62,8
2021-12-11 3:08:37,110.0,107.46,7
2021-12-11 3:10:41,110.0,107.47,9
2021-12-11 3:12:46,110.0,107.57,7
2021-12-11 3:14:50,110.0,107.65,7
2021-12-11 3:16:55,110.0,107.67,10
2021-12-11 3:19:00,110.0,107.6,8
2021-12-11 3:21:05,110.0,107.58,8
2021-12-11 3:23:09,110.0,107.65,9
2021-12-11 3:25:14,110.0,107.62,7
2021-12-11 3:27:19,110.0,107.71,8
2021-12-11 3:29:23,110.0,107.81,7
2021-12-11 3:31:28,110.0,107.81,7
2021-12-11 3:33:32,110.0,107.87,9
2021-12-11 3:35:37,110.0,107.93,9
2021-12-11 3:37:41,110.0,107.79,10
2021-12-11 3:39:46,110.0,107.92,8
2021-12-11 3:41:50,110.0,108.03,6
2021-12-11 3:43:55,110.0,107.91,13
2021-12-11 3:45:59,110.0,107.98,8
2021-12-11 3:48:04,110.0,108.0,7
2021-12-11 3:50:09,110.0,107.88,8
2021-12-11 3:52:13,110.0,108.02,7
2021-12-11 3:54:18,110.0,108.12,12
2021-12-11 3:56:22,110.0,108.03,13
2021-12-11 3:58:27,110.0,108.14,9
2021-12-11 4:00:32,110.0,108.19,10
2021-12-11 4:02:36,110.0,108.07,7
2021-12-11 4:04:41,110.0,108.14,6
2021-12-11 4:06:45,110.0,108.2,10
2021-12-11 4:08:50,110.0,108.29,10
2021-12-11 4:10:55,110.0,108.09,9
2021-12-11 4:12:59,110.0,108.28,9
2021-12-11 4:15:04,110.0,108.22,11
2021-12-11 4:17:09,110.0,108.08,3
2021-12-11 4:19:13,110.0,108.1,7
2021-12-11 4:21:18,110.0,108.39,9
2021-12-11 4:23:23,110.0,108.45,3
2021-12-11 4:25:27,110.0,108.26,12
2021-12-11 4:27:32,110.0,108.44,9
2021-12-11 4:29:36,110.0,108.44,9
2021-12-11 4:31:41,110.0,108.32,8
2021-12-11 4:33:45,110.0,108.28,6
2021-12-11 4:35:50,110.0,108.53,7
2021-12-11 4:37:55,110.0,108.4,9
2021-12-11 4:39:59,110.0,108.39,11
2021-12-11 4:42:04,110.0,108.55,7
2021-12-11 4:44:08,110.0,108.52,8
2021-12-11 4:46:13,110.0,108.52,6
2021-12-11 4:48:18,110.0,108.41,11
2021-12-11 4:50:22,110.0,108.37,6
2021-12-11 4:52:27,110.0,108.44,10
2021-12-11 4:54:31,110.0,108.56,8
2021-12-11 4:56:36,110.0,108.54,10
2021-12-11 4:58:41,110.0,108.54,8
2021-12-11 5:00:45,110.0,108.49,13
2021-12-11 5:02:50,110.0,108.66,11
2021-12-11 5:04:54,110.0,108.7,7
2021-12-11 5:06:59,110.0,108.41,13
2021-12-11 5:09:04,110.0,108.64,11
2021-12-11 5:11:08,110.0,108.82,9
2021-12-11 5:13:13,110.0,108.56,12
2021-12-11 5:15:18,110.0,108.73,9
2021-12-11 5:17:22,110.0,108.67,11
2021-12-11 5:19:27,110.0,108.76,9
2021-12-11 5:21:31,110.1,108.66,5
2021-12-11 5:23:36,110.0,108.7,3
2021-12-11 5:25:41,110.0,108.81,7
2021-12-11 5:27:45,110.0,108.8,12
2021-12-11 5:29:50,110.0,108.69,7
2021-12-11 5:31:54,110.0,108.93,6
2021-12-11 5:33:59,110.0,108.85,6
2021-12-11 5:36:04,110.0,108.69,10
2021-12-11 5:38:08,110.0,108.99,6
2021-12-11 5:40:13,110.0,108.79,6
2021-12-11 5:42:17,110.0,108.83,13
2021-12-11 5:44:22,110.0,108.9,5
2021-12-11 5:46:26,110.0,108.84,9
2021-12-11 5:48:31,110.0,108.96,10
2021-12-11 5:50:36,110.0,108.97,7
2021-12-11 5:52:40,110.1,108.94,6
2021-12-11 5:54:45,110.0,108.91,8
2021-12-11 5:56:50,110.0,108.77,8
2021-12-11 5:58:55,110.0,108.77,8
2021-12-11 6:00:59,110.0,108.9,6
2021-12-11 6:03:04,110.0,108.94,10
2021-12-11 6:05:08,110.0,108.98,10
2021-12-11 6:07:13,110.0,109.14,10
2021-12-11 6:09:18,110.0,109.01,11
2021-12-11 6:11:22,110.0,108.92,10
2021-12-11 6:13:27,110.0,109.06,8
2021-12-11 6:15:31,110.0,109.07,6
2021-12-11 6:17:36,110.0,109.02,7
2021-12-11 6:19:41,110.0,109.1,11
2021-12-11 6:21:45,110.0,109.1,4
2021-12-11 6:23:50,110.0,109.02,9
2021-12-11 6:25:55,110.0,109.01,11
2021-12-11 6:27:59,110.0,109.1,9
2021-12-11 6:30:04,110.0,109.05,11
2021-12-11 6:32:08,110.0,109.06,12
2021-12-11 6:34:13 AM,110.0,109.17,7
2021-12-11 6:36:18,110.0,109.01,6
2021-12-11 6:38:22,110.0,109.12,9
2021-12-11 6:40:27,110.0,109.29,9
2021-12-11 6:42:31,110.0,109.15,10
2021-12-11 6:44:36,110.0,109.26,6
2021-12-11 6:46:41,110.0,109.17,12
2021-12-11 6:48:45,110.0,109.3,9
2021-12-11 6:50:50,110.0,109.22,7
2021-12-11 6:52:54,110.0,109.12,11
2021-12-11 6:54:59,110.0,109.34,11
2021-12-11 6:57:04,110.0,109.25,8
2021-12-11 6:59:08,110.0,109.29,9
2021-12-11 7:01:13,110.0,109.35,9
2021-12-11 7:03:17,110.0,109.21,7
2021-12-11 7:05:22,110.0,109.26,5
2021-12-11 7:07:27,110.0,109.29,4
2021-12-11 7:09:31,110.0,109.19,10
2021-12-11 7:11:36,110.0,109.29,9
2021-12-11 7:13:40,110.0,109.2,6
2021-12-11 7:15:45,110.0,109.32,10
2021-12-11 7:17:50,110.0,109.4,11
2021-12-11 7:19:54,110.0,109.34,7
2021-12-11 7:21:59,110.0,109.18,9
2021-12-11 7:24:04,110.0,109.36,6
2021-12-11 7:26:08,110.0,109.42,9
2021-12-11 7:28:13,110.0,109.3,8
2021-12-11 7:30:17,110.0,109.37,5
2021-12-11 7:32:22,110.0,109.47,3
2021-12-11 7:34:26,110.0,109.37,8
2021-12-11 7:36:31,110.0,109.43,8
2021-12-11 7:38:36,110.0,109.4,11
2021-12-11 7:40:40,110.0,109.31,10
2021-12-11 7:42:45,110.0,109.34,11
2021-12-11 7:44:49,110.0,109.34,6
2021-12-11 7:46:54,110.0,109.44,7
2021-12-11 7:48:59,110.0,109.35,7
2021-12-11 7:51:03,110.0,109.29,6
2021-12-11 7:53:08,110.0,109.48,3
2021-12-11 7:55:12,110.0,109.53,8
2021-12-11 7:57:17,110.0,109.43,9
2021-12-11 7:59:22,110.0,109.43,12
2021-12-11 8:01:26,110.0,109.38,8
2021-12-11 8:03:31,110.0,109.49,11
2021-12-11 8:05:35,110.0,109.42,10
2021-12-11 8:07:40,110.0,109.47,5
2021-12-11 8:09:45,110.0,109.48,8
2021-12-11 8:11:49,110.0,109.53,6
2021-12-11 8:13:54,110.0,109.64,8
2021-12-11 8:15:58,110.0,109.62,12
2021-12-11 8:18:03,110.0,109.57,7
2021-12-11 8:20:08,110.0,109.46,11
2021-12-11 8:22:12,110.0,109.54,9
2021-12-11 8:24:17,110.0,109.54,13
2021-12-11 8:26:22,110.0,109.45,10
2021-12-11 8:28:26,110.0,109.49,5
2021-12-11 8:30:31,110.0,109.54,7
2021-12-11 8:32:35,110.0,109.54,6
2021-12-11 8:34:40,110.0,109.44,9
2021-12-11 8:36:45,110.0,109.53,8
2021-12-11 8:38:49,110.0,109.62,9
2021-12-11 8:40:54,110.0,109.54,11
2021-12-11 8:42:58,110.0,109.55,9
2021-12-11 8:45:03,110.0,109.56,9
2021-12-11 8:47:07,110.0,109.48,13
2021-12-11 8:49:12,110.0,109.49,9
2021-12-11 8:51:17,110.0,109.53,8
2021-12-11 8:53:21,110.0,109.63,11
2021-12-11 8:55:26,110.0,109.64,10
2021-12-11 8:57:30,110.0,109.6,7
2021-12-11 8:59:35,110.0,109.68,5
2021-12-11 9:01:40,110.0,109.59,12
2021-12-11 9:03:44,110.0,109.54,6
2021-12-11 9:05:49,110.0,109.6,8
2021-12-11 9:07:53,110.0,109.64,10
2021-12-11 9:09:58,110.0,109.72,12
2021-12-11 9:12:03,110.0,109.6,8
2021-12-11 9:14:07,110.0,109.53,8
2021-12-11 9:16:12,110.0,109.62,4
2021-12-11 9:18:17,110.0,109.54,9
2021-12-11 9:20:21,110.0,109.61,7
2021-12-11 9:22:26,110.0,109.65,11
2021-12-11 9:24:30,110.0,109.71,8
2021-12-11 9:26:35,110.0,109.62,4
2021-12-11 9:28:39,110.0,109.74,8
2021-12-11 9:30:44,110.0,109.69,8
2021-12-11 9:32:49,110.0,109.65,7
2021-12-11 9:34:53,110.0,109.55,9
2021-12-11 9:36:58,110.0,109.64,8
2021-12-11 9:39:02,110.0,109.74,7
2021-12-11 9:41:07,110.0,109.65,11
2021-12-11 9:43:12,110.0,109.7,3
2021-12-11 9:45:16,110.0,109.81,5
2021-12-11 9:47:21,110.0,109.66,9
2021-12-11 9:49:25,110.0,109.76,9
2021-12-11 9:52:32,110.0,109.62,6
2021-12-11 9:54:37,110.0,109.88,8
2021-12-11 9:56:42,110.0,109.64,8
2021-12-11 9:58:46,110.0,109.64,7
2021-12-11 10:00:51,110.0,109.86,13
2021-12-11 10:02:55,110.0,109.82,10
2021-12-11 10:05:00,110.0,109.6,5
2021-12-11 10:07:04,110.0,109.77,8
2021-12-11 10:09:09,110.0,109.88,7
2021-12-11 10:11:14,110.1,109.78,9
2021-12-11 10:13:18,110.0,109.76,10
2021-12-11 10:15:23,110.0,109.83,9
2021-12-11 10:17:27,110.0,109.75,10
2021-12-11 10:19:32,110.0,109.92,5
2021-12-11 10:21:37,110.0,109.79,7
2021-12-11 10:24:44,110.0,109.66,7
2021-12-11 10:26:48,110.0,109.78,6
2021-12-11 10:28:53,110.0,109.75,11
2021-12-11 10:30:58,110.0,109.71,6
2021-12-11 10:33:02,110.0,109.78,2
2021-12-11 10:35:07,110.0,109.69,9
2021-12-11 10:37:11,110.0,109.86,10
2021-12-11 10:39:16,110.0,109.79,11
2021-12-11 10:41:21,110.0,109.8,6
2021-12-11 10:43:25,110.0,109.68,5
2021-12-11 10:45:30,110.0,109.85,5
2021-12-11 10:47:34,110.0,109.87,7
2021-12-11 10:49:39,110.0,109.69,7
2021-12-11 10:51:44,110.0,109.73,7
2021-12-11 10:53:48,110.0,109.9,8
2021-12-11 10:55:53,110.0,109.86,6
2021-12-11 10:57:57,110.0,109.84,10
2021-12-11 11:00:02,110.0,109.77,8
2021-12-11 11:02:07,110.0,110.01,10
2021-12-11 11:04:11,110.0,109.66,6
2021-12-11 11:06:16,110.0,109.79,6
2021-12-11 11:08:20,110.0,109.71,6
2021-12-11 11:10:25,110.0,109.91,7
2021-12-11 11:12:30,110.0,109.8,7
2021-12-11 11:14:34,110.0,109.69,6
2021-12-11 11:16:39,110.0,109.95,3
2021-12-11 11:18:43,110.0,109.83,8
2021-12-11 11:20:48,110.0,109.62,6
2021-12-11 11:22:53,110.0,109.83,8
2021-12-11 11:24:57,110.0,109.95,8
2021-12-11 11:27:02,110.0,109.94,9
2021-12-11 11:29:07,110.0,110.06,8
2021-12-11 11:31:11,110.0,109.92,6
2021-12-11 11:33:16,110.0,109.74,11
2021-12-11 11:35:20,110.0,109.69,9
2021-12-11 11:37:25,110.0,109.8,9
2021-12-11 11:39:29,110.0,109.8,10
2021-12-11 11:41:34,110.0,109.75,8
2021-12-11 11:43:39,110.0,109.73,8
2021-12-11 11:45:43,110.0,110.01,10
2021-12-11 11:47:48,110.0,109.83,12
2021-12-11 11:49:53,110.0,109.81,9
2021-12-11 11:51:57,110.0,109.99,8
2021-12-11 11:54:02,110.0,110.06,9
2021-12-11 11:56:06,110.0,109.85,7
2021-12-11 11:58:11,110.0,109.78,9
2021-12-11 12:00:15,110.0,109.86,6
2021-12-11 12:02:20,110.0,109.88,10
2021-12-11 12:04:25,110.0,109.96,5
2021-12-11 12:06:29,110.0,110.07,7
2021-12-11 12:08:34,110.0,109.95,8
2021-12-11 12:10:39,110.0,110.11,6
2021-12-11 12:12:43,110.0,110.35,6
2021-12-11 12:14:48,110.0,110.28,11
2021-12-11 12:16:52,110.0,110.15,13
2021-12-11 12:18:57,110.0,110.02,7
2021-12-11 12:21:02,110.0,110.84,7
2021-12-11 12:23:06,110.0,112.5,6
2021-12-11 12:25:11,110.0,115.98,8
2021-12-11 12:27:15,110.0,120.83,11
2021-12-11 12:29:20,110.0,125.99,8
2021-12-11 12:31:25,110.0,130.54,9
2021-12-11 12:33:29,110.0,134.28,5
2021-12-11 12:35:34,110.1,137.55,3
2021-12-11 12:37:39,110.0,139.99,7
2021-12-11 12:39:43,110.0,142.35,9
2021-12-11 12:41:48,110.0,144.26,9
2021-12-11 12:43:52,110.0,145.96,7
2021-12-11 12:45:57,110.0,147.27,9
2021-12-11 12:48:02,110.0,148.65,9
2021-12-11 12:50:06,110.0,149.82,11
2021-12-11 12:52:11,110.0,150.97,6
2021-12-11 12:54:15,110.0,149.76,9
2021-12-11 12:56:20,110.0,146.66,7
2021-12-11 12:58:25,110.0,143.12,5
2021-12-11 13:00:29,110.0,140.36,9
2021-12-11 13:02:34,110.0,138.05,8
2021-12-11 13:04:39,110.0,135.94,6
2021-12-11 13:06:43,110.0,134.39,9
2021-12-11 13:08:48,110.3,133.06,10
2021-12-11 13:10:52,110.9,132.0,10
2021-12-11 13:12:57,111.5,130.81,9
2021-12-11 13:15:02,112.0,129.96,5
2021-12-11 13:17:06,112.6,129.34,9
2021-12-11 13:19:11,113.2,128.4,8
2021-12-11 13:21:16,113.8,127.63,12
2021-12-11 13:23:20,114.4,127.13,6
2021-12-11 13:25:25,115.0,126.38,9
2021-12-11 13:27:29,115.6,125.84,12
2021-12-11 13:29:34,116.1,125.59,12
2021-12-11 13:31:39,116.7,124.91,12
2021-12-11 13:33:43,117.3,124.29,7
2021-12-11 13:35:48,117.9,124.16,7
2021-12-11 13:37:52,118.4,123.61,13
2021-12-11 13:39:57,119.0,123.11,14
2021-12-11 13:42:01,119.6,123.06,13
2021-12-11 13:44:06,120.2,122.73,10
2021-12-11 13:46:11,120.8,122.24,15
2021-12-11 13:48:15,121.4,121.9,7
2021-12-11 13:50:20,122.0,121.79,11
2021-12-11 13:52:24,122.5,121.61,14
2021-12-11 13:54:29,123.2,121.29,9
2021-12-11 13:56:34,123.7,121.16,11
2021-12-11 13:58:38,124.3,120.84,11
2021-12-11 14:00:43,124.9,120.58,6
2021-12-11 14:02:48,125.5,120.78,9
2021-12-11 14:04:52,126.1,120.43,12
2021-12-11 14:06:57,126.6,120.15,9
2021-12-11 14:09:01,127.3,120.15,7
2021-12-11 14:11:06,127.8,120.11,13
2021-12-11 14:13:11,128.4,119.99,8
2021-12-11 14:15:15,129.0,119.96,10
2021-12-11 14:17:20,129.6,119.86,8
2021-12-11 14:19:24,130.1,119.75,15
2021-12-11 14:21:29,130.7,119.78,7
2021-12-11 14:23:34,131.3,119.73,8
2021-12-11 14:25:38,131.9,119.66,15
2021-12-11 14:27:43,132.5,119.76,7
2021-12-11 14:29:47,133.1,119.93,9
2021-12-11 14:31:52,133.7,119.67,8
2021-12-11 14:33:57,134.3,119.89,12
2021-12-11 14:36:01,134.8,120.01,10
2021-12-11 14:38:06,135.4,119.79,8
2021-12-11 14:40:11,136.0,119.88,11
2021-12-11 14:42:15,136.6,119.97,13
2021-12-11 14:44:20,137.2,120.07,9
2021-12-11 14:46:24,137.8,120.13,9
2021-12-11 14:48:29,138.4,120.22,12
2021-12-11 14:50:34,138.9,120.32,10
2021-12-11 14:52:38,139.5,120.43,11
2021-12-11 14:54:43,140.1,120.82,11
2021-12-11 14:56:47,140.7,120.58,12
2021-12-11 14:58:52,141.3,120.69,5
2021-12-11 15:00:57,141.9,120.99,8
2021-12-11 15:03:01,142.4,121.36,10
2021-12-11 15:05:06,143.0,121.17,8
2021-12-11 15:07:10,143.6,121.47,11
2021-12-11 15:09:15,144.1,121.63,11
2021-12-11 15:11:20,144.8,121.69,13
2021-12-11 15:13:24,145.3,121.96,10
2021-12-11 15:15:29,145.9,122.1,13
2021-12-11 15:17:33,146.5,122.15,14
2021-12-11 15:19:38,147.1,122.53,11
2021-12-11 15:21:43,147.6,122.71,15
2021-12-11 15:23:47,148.3,123.02,12
2021-12-11 15:25:52,148.8,123.04,17
2021-12-11 15:27:57,149.4,123.34,10
2021-12-11 15:30:01,150.0,123.81,8
2021-12-11 15:32:06,150.6,123.85,13
2021-12-11 15:34:10,151.2,123.91,11
2021-12-11 15:36:15,151.8,124.24,12
2021-12-11 15:38:20,152.3,124.75,15
2021-12-11 15:40:24,153.0,124.65,10
2021-12-11 15:42:29,153.4,125.23,14
2021-12-11 15:44:33,154.1,125.44,14
2021-12-11 15:46:38,154.6,125.62,12
2021-12-11 15:48:43,155.3,125.76,7
2021-12-11 15:50:47,155.9,126.32,12
2021-12-11 15:52:52,156.4,126.25,8
2021-12-11 15:54:57,157.0,126.45,18
2021-12-11 15:57:01,157.5,127.05,14
2021-12-11 15:59:06,158.2,127.28,9
2021-12-11 16:01:10,158.8,127.5,10
2021-12-11 16:03:15,159.3,127.84,13
2021-12-11 16:05:20,160.0,128.3,12
2021-12-11 16:07:24,160.5,128.33,12
2021-12-11 16:09:29,161.1,128.75,15
2021-12-11 16:11:34,161.7,129.16,14
2021-12-11 16:13:39,162.3,129.3,10
2021-12-11 16:15:43,162.9,129.67,12
2021-12-11 16:17:48,163.4,130.06,14
2021-12-11 16:19:52,164.0,130.28,9
2021-12-11 16:21:57,164.6,130.55,10
2021-12-11 16:24:02,165.1,130.82,17
2021-12-11 16:26:06,165.8,131.32,13
2021-12-11 16:28:11,166.3,131.57,15
2021-12-11 16:30:16,166.8,131.7,25
2021-12-11 16:32:20,167.5,132.12,16
2021-12-11 16:34:25,168.1,132.63,15
2021-12-11 16:36:29,168.7,132.72,11
2021-12-11 16:38:34,169.3,133.23,14
2021-12-11 16:40:39,169.9,133.58,11
2021-12-11 16:42:43,170.5,133.84,10
2021-12-11 16:44:48,171.0,134.17,15
2021-12-11 16:46:53,171.6,134.59,15
2021-12-11 16:48:57,172.2,135.13,14
2021-12-11 16:51:02,172.8,135.18,10
2021-12-11 16:53:06,173.4,135.64,10
2021-12-11 16:55:11,174.0,136.22,12
2021-12-11 16:57:16,174.5,136.41,17
2021-12-11 16:59:20,175.1,136.46,15
2021-12-11 17:01:25,175.7,137.24,14
2021-12-11 17:03:30,176.3,137.61,18
2021-12-11 17:05:34,176.8,137.78,20
2021-12-11 17:07:39,177.6,138.35,15
2021-12-11 17:09:44,178.0,138.64,23
2021-12-11 17:11:48,178.5,139.04,30
2021-12-11 17:13:53,179.2,139.26,11
2021-12-11 17:15:57,179.8,139.83,13
2021-12-11 17:18:02,180.0,140.18,11
2021-12-11 17:20:07,180.0,140.15,13
2021-12-11 17:22:11,179.9,140.95,18
2021-12-11 17:24:16,180.0,141.24,13
2021-12-11 17:26:20,180.0,141.61,11
2021-12-11 17:28:25,180.0,141.71,15
2021-12-11 17:30:30,180.0,142.19,15
2021-12-11 17:32:34,180.0,142.69,12
2021-12-11 17:34:39,180.0,142.98,11
2021-12-11 17:36:44,180.0,143.34,14
2021-12-11 17:38:48,180.0,143.61,11
2021-12-11 17:40:53,180.0,143.98,14
2021-12-11 17:42:58,180.0,144.09,11
2021-12-11 17:45:02,180.0,144.51,9
2021-12-11 17:47:07,180.0,145.06,13
2021-12-11 17:49:11,180.0,145.19,11
2021-12-11 17:51:16,180.0,145.35,11
2021-12-11 17:53:21,180.0,145.72,12
2021-12-11 17:55:25,180.0,146.16,15
2021-12-11 17:57:30,180.0,146.36,17
2021-12-11 17:59:35,180.0,146.66,12
2021-12-11 18:01:39,180.0,146.92,15
2021-12-11 18:03:44,180.0,147.26,17
2021-12-11 18:05:48,180.0,147.63,15
2021-12-11 18:07:53,180.0,147.78,10
2021-12-11 18:09:58,180.0,148.18,12
2021-12-11 18:12:02,180.0,148.52,13
2021-12-11 18:14:07,180.0,148.59,12
2021-12-11 18:16:12,180.0,148.97,15
2021-12-11 18:18:16,180.0,149.25,12
2021-12-11 18:20:21,180.0,149.56,11
2021-12-11 18:22:25,180.0,149.71,11
2021-12-11 18:24:30,180.0,150.04,18
2021-12-11 18:26:35,180.0,150.22,13
2021-12-11 18:28:39,180.0,150.62,14
2021-12-11 18:30:44,180.0,150.8,10
2021-12-11 18:32:48,180.0,151.07,12
2021-12-11 18:34:53,180.0,151.47,14
2021-12-11 18:36:58,180.0,151.33,11
2021-12-11 18:39:02,180.0,151.62,12
2021-12-11 18:41:07,180.0,152.09,10
2021-12-11 18:43:14,180.0,152.3,9
2021-12-11 18:45:18,180.0,152.36,11
2021-12-11 18:47:23,180.0,152.7,11
2021-12-11 18:49:28,180.0,152.96,12
2021-12-11 18:51:32,180.0,153.08,12
2021-12-11 18:53:37,180.0,153.4,13
2021-12-11 18:55:42,180.0,153.7,13
2021-12-11 18:57:46,180.0,154.02,11
2021-12-11 18:59:51,180.0,154.11,15
2021-12-11 19:01:55,180.0,154.41,18
2021-12-11 19:04:00,180.0,154.64,9
2021-12-11 19:06:05,180.0,154.71,12
2021-12-11 19:08:09,180.0,154.9,15
2021-12-11 19:10:14,180.0,155.35,14
2021-12-11 19:12:18,180.0,155.41,15
2021-12-11 19:14:23,180.0,155.83,11
2021-12-11 19:16:27,180.0,155.79,13
2021-12-11 19:18:32,180.0,156.03,17
2021-12-11 19:20:37,180.0,156.44,10
2021-12-11 19:22:41,180.0,156.29,12
2021-12-11 19:24:46,180.0,156.52,16
2021-12-11 19:26:50,180.0,157.07,12
2021-12-11 19:28:55,180.0,157.31,14
2021-12-11 19:31:00,180.0,157.23,13
2021-12-11 19:33:04,180.0,157.38,7
2021-12-11 19:35:09,180.0,157.77,13
2021-12-11 19:37:14,180.0,157.88,12
2021-12-11 19:39:18,180.0,157.91,10
2021-12-11 19:41:23,180.0,158.32,11
2021-12-11 19:43:27,180.0,158.44,9
2021-12-11 19:45:32,180.0,158.6,10
2021-12-11 19:47:37,180.0,158.74,12
2021-12-11 19:49:42,180.0,158.85,10
2021-12-11 19:51:46,180.0,159.26,14
2021-12-11 19:53:51,180.0,159.19,11
2021-12-11 19:55:56,180.0,159.5,14
2021-12-11 19:58:00,180.0,159.66,10
2021-12-11 20:00:05,180.0,159.91,13
2021-12-11 20:02:09,180.0,159.89,9
2021-12-11 20:04:14,180.0,159.99,14
2021-12-11 20:06:19,180.0,160.43,11
2021-12-11 20:08:23,180.0,160.48,16
2021-12-11 20:10:28,180.0,160.62,12
2021-12-11 20:12:32,180.0,160.8,12
2021-12-11 20:14:37,180.0,161.03,13
2021-12-11 20:16:42,180.0,161.08,10
2021-12-11 20:18:46,180.0,161.16,10
2021-12-11 20:20:51,180.0,161.46,11
2021-12-11 20:22:55,180.0,161.69,8
2021-12-11 20:25:00,180.0,161.62,10
2021-12-11 20:27:05,180.0,161.87,13
2021-12-11 20:29:09,180.0,162.1,10
2021-12-11 20:31:14,180.0,162.25,13
2021-12-11 20:33:19,180.0,162.43,12
2021-12-11 20:35:23,180.0,162.46,10
2021-12-11 20:37:28,180.0,162.72,13
2021-12-11 20:39:32,180.0,162.92,13
2021-12-11 20:41:37,180.0,162.85,13
2021-12-11 20:43:42,180.0,163.04,15
2021-12-11 20:45:46,180.0,163.27,7
2021-12-11 20:47:51,180.0,163.23,11
2021-12-11 20:49:55,180.0,163.47,10
2021-12-11 20:52:00,180.0,163.76,14
2021-12-11 20:54:05,180.0,163.85,12
2021-12-11 20:56:09,179.9,163.78,17
2021-12-11 20:58:14,180.0,164.2,10
2021-12-11 21:00:18,180.0,164.33,11
2021-12-11 21:02:23,180.0,164.29,11
2021-12-11 21:04:27,180.0,164.26,15
2021-12-11 21:06:32,180.0,164.53,11
2021-12-11 21:08:37,180.0,164.84,10
2021-12-11 21:10:41,180.0,164.91,5
2021-12-11 21:12:46,180.0,164.97,8
2021-12-11 21:14:50,180.0,165.08,13
2021-12-11 21:16:55,180.0,165.19,15
2021-12-11 21:19:00,180.0,165.36,14
2021-12-11 21:21:04,180.0,165.43,18
2021-12-11 21:23:09,180.0,165.59,15
2021-12-11 21:25:14,180.0,165.84,12
2021-12-11 21:27:18,180.0,165.78,9
2021-12-11 21:29:23,180.0,165.85,10
2021-12-11 21:31:28,180.0,166.13,8
2021-12-11 21:33:32,180.0,166.13,13
2021-12-11 21:35:37,180.0,166.16,12
2021-12-11 21:37:42,180.0,166.46,12
2021-12-11 21:39:46,180.0,166.53,8
2021-12-11 21:41:51,180.0,166.38,10
2021-12-11 21:43:55,180.0,166.76,8
2021-12-11 21:46:00,180.0,167.06,11
2021-12-11 21:48:05,180.0,166.92,14
2021-12-11 21:50:09,179.9,166.95,15
2021-12-11 21:52:14,180.0,167.12,12
2021-12-11 21:54:18,180.0,167.4,13
2021-12-11 21:56:23,180.0,167.3,17
2021-12-11 21:58:28,180.0,167.31,9
2021-12-11 22:00:32,180.0,167.6,9
2021-12-11 22:02:37,180.0,167.74,11
2021-12-11 22:04:42,180.0,167.85,7
2021-12-11 22:06:46,179.9,167.79,16
2021-12-11 22:08:51,180.0,168.04,12
2021-12-11 22:10:56,180.0,168.25,13
2021-12-11 22:13:00,180.0,168.12,7
2021-12-11 22:15:05,180.0,168.17,12
2021-12-11 22:17:10,180.0,168.43,10
2021-12-11 22:19:14,180.0,168.54,12
2021-12-11 22:21:19,180.0,168.56,11
2021-12-11 22:23:24,180.0,168.51,12
2021-12-11 22:25:28,180.0,168.8,13
2021-12-11 22:27:33,180.0,169.01,10
2021-12-11 22:29:37,180.0,168.85,11
2021-12-11 22:31:42,180.0,169.03,15
2021-12-11 22:33:47,180.0,169.15,13
2021-12-11 22:35:51,180.0,169.09,11
2021-12-11 22:37:56,180.0,169.22,11
2021-12-11 22:40:00,180.0,169.25,15
2021-12-11 22:42:05,180.0,169.45,11
2021-12-11 22:44:10,180.0,169.34,14
2021-12-11 22:46:14,179.9,169.58,14
2021-12-11 22:48:19,180.0,169.78,14
2021-12-11 22:50:23,180.0,169.85,8
2021-12-11 22:52:28,180.0,169.81,12
2021-12-11 22:54:33,180.0,169.85,7
2021-12-11 22:56:37,180.0,170.16,11
2021-12-11 22:58:42,180.0,170.03,14
2021-12-11 23:00:46,180.0,170.01,11
2021-12-11 23:02:51,180.0,170.18,11
2021-12-11 23:04:56,180.0,170.33,9
2021-12-11 23:07:00,180.0,170.29,13
2021-12-11 23:09:05,180.0,170.43,14
2021-12-11 23:11:09,180.0,170.51,13
2021-12-11 23:13:14,180.0,170.79,10
2021-12-11 23:15:19,180.0,170.54,13
2021-12-11 23:17:23,180.0,170.74,11
2021-12-11 23:19:28,180.0,170.96,12
2021-12-11 23:21:32,180.0,171.04,13
2021-12-11 23:23:37,180.0,170.84,15
2021-12-11 23:25:42,180.0,170.97,10
2021-12-11 23:27:46,180.0,171.18,12
2021-12-11 23:29:51,180.0,171.2,15
2021-12-11 23:31:55,180.0,171.28,10
2021-12-11 23:34:00,180.0,171.38,11
2021-12-11 23:36:05,180.0,171.54,10
2021-12-11 23:38:09,179.9,171.33,14
2021-12-11 23:40:14,180.0,171.51,16
2021-12-11 23:42:18,180.0,171.72,13
2021-12-11 23:44:23,180.0,171.72,14
2021-12-11 23:46:28,180.0,171.63,15
2021-12-11 23:48:32,180.0,171.78,16
2021-12-11 23:50:37,180.0,171.91,12
2021-12-11 23:52:41,180.0,171.82,13
2021-12-11 23:54:46,180.0,172.0,15
2021-12-11 23:56:51,180.0,172.32,9
2021-12-11 23:58:55,180.0,172.18,15
2021-12-12 0:01:00,180.0,172.13,13
2021-12-12 0:03:04,180.0,172.28,12
2021-12-12 0:05:09,180.0,172.28,8
2021-12-12 0:07:14,180.0,172.22,11
2021-12-12 0:09:18,180.0,172.4,10
2021-12-12 0:11:23,180.0,172.46,13
2021-12-12 0:13:27,179.9,172.41,14
2021-12-12 0:15:32,180.0,172.47,8
2021-12-12 0:17:37,180.0,172.66,10
2021-12-12 0:19:41,180.0,172.63,11
2021-12-12 0:21:46,180.0,172.63,14
2021-12-12 0:23:51,180.0,172.79,7
2021-12-12 0:25:55,180.0,172.78,12
2021-12-12 0:28:00,180.0,172.86,11
2021-12-12 0:30:05,180.0,172.79,15
2021-12-12 0:32:09,180.0,173.03,14
2021-12-12 0:34:14,180.0,173.14,16
2021-12-12 0:36:19,180.0,172.84,11
2021-12-12 0:38:23,180.0,172.96,10
2021-12-12 0:40:28,180.0,173.19,13
2021-12-12 0:42:33,180.0,173.17,12
2021-12-12 0:44:37,179.9,173.24,21
2021-12-12 0:46:42,180.0,173.18,11
2021-12-12 0:48:47,180.0,173.35,7
2021-12-12 0:50:51,180.0,173.49,12
2021-12-12 0:52:56,180.0,173.47,10
2021-12-12 0:55:01,180.0,173.56,14
2021-12-12 0:57:05,180.0,173.53,13
2021-12-12 0:59:10,180.0,173.61,13
2021-12-12 1:01:14,180.0,173.62,13
2021-12-12 1:03:19,180.0,173.7,10
2021-12-12 1:05:24,180.0,173.77,11
2021-12-12 1:07:28,180.0,173.88,13
2021-12-12 1:09:33,180.0,173.62,11
2021-12-12 1:11:38,180.0,173.93,17
2021-12-12 1:13:42,180.0,173.95,13
2021-12-12 1:15:47,180.0,173.76,11
2021-12-12 1:17:52,180.0,173.91,9
2021-12-12 1:19:56,180.0,173.97,8
2021-12-12 1:22:01,180.0,174.14,11
2021-12-12 1:24:06,180.0,174.01,8
2021-12-12 1:26:10,180.0,173.88,10
2021-12-12 1:28:15,180.0,174.2,10
2021-12-12 1:30:20,180.0,174.3,11
2021-12-12 1:32:25,180.0,174.32,10
2021-12-12 1:34:30,180.0,174.33,12
2021-12-12 1:36:34,180.0,174.32,14
2021-12-12 1:38:39,180.0,174.35,17
2021-12-12 1:40:43,180.0,174.37,11
2021-12-12 1:42:48,180.0,174.45,9
2021-12-12 1:44:53,180.0,174.49,8
2021-12-12 1:46:57,180.0,174.44,14
2021-12-12 1:49:02,180.0,174.4,9
2021-12-12 1:51:06,180.0,174.64,10
2021-12-12 1:53:11,180.0,174.48,14
2021-12-12 1:55:16,180.0,174.59,10
2021-12-12 1:57:20,180.0,174.73,12
2021-12-12 1:59:25,180.0,174.73,6
2021-12-12 2:01:30,180.0,174.83,13
2021-12-12 2:03:34,180.0,174.86,12
2021-12-12 2:05:39,180.0,174.77,14
2021-12-12 2:07:44,180.0,174.86,10
2021-12-12 2:09:48,180.0,175.05,12
2021-12-12 2:11:53,180.0,174.87,15
2021-12-12 2:13:58,180.0,174.93,10
2021-12-12 2:16:02,179.9,175.19,16
2021-12-12 2:18:07,180.0,175.18,12
2021-12-12 2:20:11,180.0,174.93,13
2021-12-12 2:22:16,180.0,175.08,12
2021-12-12 2:24:21,180.0,175.31,11
2021-12-12 2:26:25,179.9,175.15,15
2021-12-12 2:28:30,180.0,175.01,10
2021-12-12 2:30:36,180.0,175.08,11
2021-12-12 2:32:40,180.0,175.31,12
2021-12-12 2:34:45,180.0,175.05,11
2021-12-12 2:36:50,180.0,175.24,10
2021-12-12 2:38:54,180.0,175.45,10
2021-12-12 2:40:59,180.0,175.36,14
2021-12-12 2:43:03,180.0,175.26,13
2021-12-12 2:45:08,180.0,175.59,8
2021-12-12 2:47:13,180.0,175.37,11
2021-12-12 2:49:17,180.0,175.46,12
2021-12-12 2:51:22,180.0,175.57,12
2021-12-12 2:53:26,180.0,175.49,9
2021-12-12 2:55:31,180.0,175.62,12
2021-12-12 2:57:36,180.0,175.53,10
2021-12-12 2:59:40,180.0,175.6,14
2021-12-12 3:01:45,180.0,175.64,12
2021-12-12 3:03:50,180.0,175.69,11
2021-12-12 3:05:54,180.0,175.48,10
2021-12-12 3:07:59,180.0,175.78,14
2021-12-12 3:10:04,180.0,175.85,10
2021-12-12 3:12:08,180.0,175.5,11
2021-12-12 3:14:13,180.1,175.89,9
2021-12-12 3:16:18,180.0,175.92,11
2021-12-12 3:18:22,180.0,175.83,6
2021-12-12 3:20:27,180.0,175.72,9
2021-12-12 3:22:32,180.0,175.76,10
2021-12-12 3:24:36,180.0,175.91,9
2021-12-12 3:26:41,180.0,176.02,14
2021-12-12 3:28:46,180.0,175.65,13
2021-12-12 3:30:51,180.0,176.0,8
2021-12-12 3:32:55,180.0,176.14,13
2021-12-12 3:35:00,180.0,176.04,9
2021-12-12 3:37:04,180.0,175.93,11
2021-12-12 3:39:09,180.0,176.09,14
2021-12-12 3:41:14,180.0,176.17,11
2021-12-12 3:43:18,180.0,176.1,9
2021-12-12 3:45:23,180.0,176.32,9
2021-12-12 3:47:28,180.0,176.46,14
2021-12-12 3:49:32,180.0,176.08,11
2021-12-12 3:51:37,180.0,176.15,15
2021-12-12 3:53:41,180.0,176.3,14
2021-12-12 3:55:46,179.9,176.21,16
2021-12-12 3:57:51,180.0,176.18,12
2021-12-12 3:59:55,180.0,176.52,15
2021-12-12 4:02:00,180.0,176.25,11
2021-12-12 4:04:05,180.0,176.2,9
2021-12-12 4:06:10,180.0,176.36,11
2021-12-12 4:08:14,180.0,176.48,18
2021-12-12 4:10:19,180.0,176.37,12
2021-12-12 4:12:24,180.0,176.28,8
2021-12-12 4:14:28,180.0,176.48,11
2021-12-12 4:16:33,180.0,176.55,11
2021-12-12 4:18:38,180.0,176.35,9
2021-12-12 4:20:42,180.0,176.42,13
2021-12-12 4:22:47,180.0,176.75,10
2021-12-12 4:24:52,180.0,176.36,10
2021-12-12 4:26:56,180.0,176.35,11
2021-12-12 4:29:01,180.1,176.67,9
2021-12-12 4:31:06,180.0,176.63,17
2021-12-12 4:33:10,180.0,176.52,9
2021-12-12 4:35:15,180.0,176.58,15
2021-12-12 4:37:20,180.0,176.71,13
2021-12-12 4:39:24,180.0,176.5,13
2021-12-12 4:41:29,180.0,176.7,15
2021-12-12 4:43:34,180.0,176.71,12
2021-12-12 4:45:38,180.0,176.62,17
2021-12-12 4:47:43,180.0,176.54,13
2021-12-12 4:49:48,180.0,176.76,10
2021-12-12 4:51:53,180.0,176.84,12
2021-12-12 4:53:57,180.0,176.74,10
2021-12-12 4:56:02,180.0,176.84,12
2021-12-12 4:58:06,180.0,176.91,16
2021-12-12 5:00:11,180.0,176.59,9
2021-12-12 5:02:16,180.0,176.82,12
2021-12-12 5:04:21,180.0,176.87,9
2021-12-12 5:06:25,180.0,176.84,14
2021-12-12 5:08:30,180.0,176.76,10
2021-12-12 5:10:34,180.0,176.97,11
2021-12-12 5:12:39,180.0,176.75,9
2021-12-12 5:14:44,180.0,176.75,12
2021-12-12 5:16:48,180.0,177.12,12
2021-12-12 5:18:53,180.0,177.13,13
2021-12-12 5:20:58,180.0,176.92,13
2021-12-12 5:23:33,180.0,176.92,10
2021-12-12 5:25:38,180.0,177.14,7
2021-12-12 5:27:43,180.0,177.08,15
2021-12-12 5:29:48,180.0,176.9,8
2021-12-12 5:31:52,180.0,177.06,10
2021-12-12 5:33:57,180.0,177.02,14
2021-12-12 5:36:02,180.0,176.81,13
2021-12-12 5:38:06,180.0,177.1,11
2021-12-12 5:40:11,180.0,177.18,9
2021-12-12 5:42:15,180.0,176.93,9
2021-12-12 5:44:20,180.0,177.21,8
2021-12-12 5:46:25,180.0,177.2,15
2021-12-12 5:48:29,180.0,176.98,12
2021-12-12 5:50:34,180.0,177.04,8
2021-12-12 5:52:39,180.0,177.03,16
2021-12-12 5:54:43,180.0,177.04,12
2021-12-12 5:56:48,180.0,177.06,15
2021-12-12 5:58:53,180.0,177.33,12
2021-12-12 6:00:57,180.0,177.33,9
2021-12-12 6:03:02,180.0,177.05,12
2021-12-12 6:05:07,180.0,177.2,12
2021-12-12 6:07:11,180.0,177.3,13
2021-12-12 6:09:16,180.0,177.2,10
2021-12-12 6:11:21,180.0,177.26,13
2021-12-12 6:13:25,180.0,177.39,14
2021-12-12 6:15:30,180.0,177.25,14
2021-12-12 6:17:35,180.0,177.21,10
2021-12-12 6:19:39,180.0,177.26,15
2021-12-12 6:21:44,180.0,177.46,12
2021-12-12 6:23:49,180.0,177.25,15
2021-12-12 6:25:53,180.0,177.41,12
2021-12-12 6:27:58,180.0,177.3,15
2021-12-12 6:30:03,180.0,177.29,11
2021-12-12 6:32:07,180.0,177.33,9
2021-12-12 6:34:12,180.0,177.38,11
2021-12-12 6:36:17,180.0,177.61,9
2021-12-12 6:38:21,180.0,177.2,10
2021-12-12 6:40:26,180.0,177.5,15
2021-12-12 6:42:31,180.0,177.48,11
2021-12-12 6:44:35,180.0,177.36,12
2021-12-12 6:46:40,180.0,177.41,12
2021-12-12 6:48:44,180.0,177.54,16
2021-12-12 6:50:49,180.0,177.32,12
2021-12-12 6:52:54,180.0,177.37,14
2021-12-12 6:54:58,180.0,177.55,11
2021-12-12 6:57:03,180.0,177.55,13
2021-12-12 6:59:07,180.0,177.43,12
2021-12-12 7:01:12,180.0,177.51,10
2021-12-12 7:03:17,180.0,177.65,15
2021-12-12 7:05:21,180.0,177.32,17
2021-12-12 7:07:26,180.0,177.68,13
2021-12-12 7:09:31,180.0,177.55,13
2021-12-12 7:11:36,180.0,177.57,16
2021-12-12 7:13:41,180.0,177.61,13
2021-12-12 7:15:46,180.0,177.64,12
2021-12-12 7:17:50,180.0,177.49,12
2021-12-12 7:19:55,180.0,177.67,13
2021-12-12 7:22:00,180.0,177.64,15
2021-12-12 7:24:04,180.0,177.53,13
2021-12-12 7:26:09,180.0,177.69,14
2021-12-12 7:28:14,180.0,177.79,12
2021-12-12 7:30:18,179.9,177.51,18
2021-12-12 7:32:23,180.0,177.55,13
2021-12-12 7:34:28,180.0,177.81,12
2021-12-12 7:36:32,180.0,177.6,13
2021-12-12 7:38:37,180.0,177.44,14
2021-12-12 7:40:42,180.0,177.79,9
2021-12-12 7:42:46,180.0,177.62,12
2021-12-12 7:44:51,180.0,177.48,12
2021-12-12 7:46:55,180.0,177.64,9
2021-12-12 7:49:00,180.0,177.61,13
2021-12-12 7:51:05,180.0,177.56,11
2021-12-12 7:53:09,180.0,177.67,11
2021-12-12 7:55:14,180.0,177.83,12
2021-12-12 7:57:18,180.0,177.62,16
2021-12-12 7:59:23,180.0,177.85,11
2021-12-12 8:01:28,180.0,177.88,10
2021-12-12 8:03:32,180.0,177.74,11
2021-12-12 8:05:37,180.0,177.84,10
2021-12-12 8:07:42,180.0,177.79,10
2021-12-12 8:09:46,180.0,177.58,11
2021-12-12 8:11:51,180.0,177.84,8
2021-12-12 8:13:56,180.0,177.87,10
2021-12-12 8:16:00,180.0,177.74,10
2021-12-12 8:18:05,180.0,177.7,16
2021-12-12 8:20:09,180.0,177.78,17
2021-12-12 8:22:14,180.0,177.54,11
2021-12-12 8:24:19,180.0,177.87,10
2021-12-12 8:26:23,180.0,178.07,13
2021-12-12 8:28:28,180.0,177.59,13
2021-12-12 8:30:33,180.0,177.72,14
2021-12-12 8:32:38,180.0,177.85,11
2021-12-12 8:34:42,180.0,177.86,12
2021-12-12 8:36:47,180.0,177.82,10
2021-12-12 8:38:52,180.0,177.9,11
2021-12-12 8:40:56,180.0,177.91,15
2021-12-12 8:43:01,180.0,177.69,4
2021-12-12 8:45:06,180.0,177.95,11
2021-12-12 8:47:11,180.0,177.89,15
2021-12-12 8:49:15,180.0,177.87,13
2021-12-12 8:51:20,179.9,177.73,19
2021-12-12 8:53:24,180.0,178.02,15
2021-12-12 8:55:29,180.0,177.78,13
2021-12-12 8:57:34,180.0,177.85,14
2021-12-12 8:59:38,180.0,178.16,13
2021-12-12 9:01:43,180.0,177.8,12
2021-12-12 9:03:47,180.0,177.86,8
2021-12-12 9:05:52,180.0,178.15,10
2021-12-12 9:07:57,180.0,178.01,11
2021-12-12 9:10:01,179.9,177.9,21
2021-12-12 9:12:06,180.0,177.95,13
2021-12-12 9:14:11,180.0,178.04,15
2021-12-12 9:16:15,180.0,177.79,9
2021-12-12 9:18:20,180.0,177.92,16
2021-12-12 9:20:24,180.0,178.08,11
2021-12-12 9:22:29,180.0,177.73,12
2021-12-12 9:24:34,180.0,177.68,9
2021-12-12 9:26:38,180.0,178.09,14
2021-12-12 9:28:43,180.0,178.0,8
2021-12-12 9:30:48,180.0,177.91,14
2021-12-12 9:32:53,180.0,177.93,9
2021-12-12 9:34:57,180.0,178.05,12
2021-12-12 9:37:02,180.0,177.8,12
2021-12-12 9:39:07,180.0,178.09,13
2021-12-12 9:41:12,180.0,178.15,14
2021-12-12 9:43:16,180.0,177.93,13
2021-12-12 9:45:21,180.0,177.93,16
2021-12-12 9:47:25,180.0,178.15,9
2021-12-12 9:49:30,180.0,177.94,13
2021-12-12 9:51:35,180.0,178.0,10
2021-12-12 9:53:39,180.0,178.06,11
2021-12-12 9:55:44,180.0,177.99,10
2021-12-12 9:57:49,180.0,177.89,13
2021-12-12 9:59:54,180.0,178.05,12
2021-12-12 10:01:58,180.0,178.08,11
2021-12-12 10:04:03,180.0,177.97,18
2021-12-12 10:06:08,180.0,178.14,13
2021-12-12 10:08:12,180.0,178.15,13
2021-12-12 10:10:17,180.0,177.81,11
2021-12-12 10:12:22,180.0,177.89,12
2021-12-12 10:14:26,180.0,178.12,13
2021-12-12 10:16:31,180.0,178.21,10
2021-12-12 10:18:35,180.0,178.03,19
2021-12-12 10:20:40,180.0,178.2,12
2021-12-12 10:22:45,180.0,178.03,14
2021-12-12 10:24:49,180.0,177.87,10
2021-12-12 10:26:54,179.9,178.1,14
2021-12-12 10:28:59,180.0,178.17,14
2021-12-12 10:31:03,180.0,177.97,10
2021-12-12 10:33:08,180.0,178.18,10
2021-12-12 10:35:13,180.0,178.14,11
2021-12-12 10:37:18,180.0,178.05,15
2021-12-12 10:39:22,180.0,178.01,9
2021-12-12 10:41:27,180.0,178.2,13
2021-12-12 10:43:32,180.0,178.04,10
2021-12-12 10:45:36,180.0,177.92,13
2021-12-12 10:47:41,180.0,178.05,11
2021-12-12 10:49:46,180.0,178.18,12
2021-12-12 10:51:50,180.0,177.95,10
2021-12-12 10:53:55,180.0,178.21,13
2021-12-12 10:56:00,180.0,178.21,13
2021-12-12 10:58:04,180.0,178.1,9
2021-12-12 11:00:09,180.0,178.07,16
2021-12-12 11:02:14,180.0,178.15,11
2021-12-12 11:04:18,180.0,177.96,16
2021-12-12 11:06:23,180.0,178.03,13
2021-12-12 11:08:28,180.0,178.19,13
2021-12-12 11:10:32,180.0,178.24,12
2021-12-12 11:12:37,180.0,178.0,11
2021-12-12 11:14:42,180.0,178.03,13
2021-12-12 11:16:46,180.0,178.2,13
2021-12-12 11:18:51,180.0,178.07,11
2021-12-12 11:20:55,180.0,178.2,8
2021-12-12 11:23:00,180.0,178.26,17
2021-12-12 11:25:05,180.0,178.22,11
2021-12-12 11:27:09,180.0,178.06,8
2021-12-12 11:29:14,180.0,178.24,11
2021-12-12 11:31:19,180.0,178.29,10
2021-12-12 11:33:24,180.0,178.05,15
2021-12-12 11:35:28,180.0,178.29,8
2021-12-12 11:37:33,180.0,178.27,11
2021-12-12 11:39:38,180.0,178.24,14
2021-12-12 11:41:42,180.0,178.12,7
2021-12-12 11:43:47,180.0,178.22,15
2021-12-12 11:45:52,180.0,178.34,11
2021-12-12 11:47:56,180.0,178.1,10
2021-12-12 11:50:01,180.0,178.2,12
2021-12-12 11:52:06,180.0,178.17,14
2021-12-12 11:54:10,180.0,178.21,15
2021-12-12 11:56:15,180.0,178.08,11
2021-12-12 11:58:20,180.0,178.42,10
2021-12-12 12:00:24,180.0,178.33,11
2021-12-12 12:02:29,180.0,178.0,11
2021-12-12 12:04:33,180.0,178.24,16
2021-12-12 12:06:38,180.0,178.35,15
2021-12-12 12:08:43,180.0,178.22,10
2021-12-12 12:10:47,180.0,178.19,10
2021-12-12 12:12:52,180.0,178.41,15
2021-12-12 12:14:57,180.0,177.99,11
2021-12-12 12:17:01,180.0,178.28,12
2021-12-12 12:19:06,180.0,178.31,13
2021-12-12 12:21:10,180.0,178.27,16
2021-12-12 12:23:15,180.0,178.18,15
2021-12-12 12:25:20,179.9,178.34,18
2021-12-12 12:27:24,180.0,178.33,12
2021-12-12 12:29:29,180.0,178.22,13
2021-12-12 12:31:33,180.0,178.28,14
2021-12-12 12:33:38,180.0,178.33,17
2021-12-12 12:35:43,179.9,178.17,13
2021-12-12 12:37:48,180.0,178.23,12
2021-12-12 12:39:52,180.0,178.51,11
2021-12-12 12:41:57,180.0,178.39,14
2021-12-12 12:44:02,180.0,178.21,11
2021-12-12 12:46:07,180.0,178.22,15
2021-12-12 12:48:12,180.0,178.48,10
2021-12-12 12:50:16,179.9,178.15,21
2021-12-12 12:52:21,179.9,178.19,18
2021-12-12 12:54:25,180.0,178.34,8
2021-12-12 12:56:30,180.0,178.38,12
2021-12-12 12:58:35,180.0,178.23,9
2021-12-12 13:00:39,180.0,178.28,11
2021-12-12 13:02:44,180.0,178.33,12
2021-12-12 13:04:49,180.0,178.26,15
2021-12-12 13:06:53,180.0,178.28,12
2021-12-12 13:08:58,180.0,178.33,15
2021-12-12 13:11:03,180.1,178.16,5
2021-12-12 13:13:07,180.0,178.2,13
2021-12-12 13:15:12,180.0,178.25,10
2021-12-12 13:17:17,180.0,178.29,13
2021-12-12 13:19:21,180.0,178.36,12
2021-12-12 13:21:26,180.0,178.08,14
2021-12-12 13:23:30,180.0,178.35,14
2021-12-12 13:25:35,180.0,178.52,11
2021-12-12 13:27:40,180.0,178.22,11
2021-12-12 13:29:44,180.0,178.04,10
2021-12-12 13:31:49,180.0,178.33,19
2021-12-12 13:33:54,180.0,178.38,10
2021-12-12 13:35:58,180.0,178.19,10
2021-12-12 13:38:03,180.0,178.42,9
2021-12-12 13:40:08,180.0,178.52,13
2021-12-12 13:42:12,180.0,178.26,9
2021-12-12 13:44:17,180.0,178.38,9
2021-12-12 13:46:22,180.0,178.49,11
2021-12-12 13:48:26,180.0,178.31,10
2021-12-12 13:50:31,180.0,178.2,10
2021-12-12 13:52:36,180.0,178.27,10
2021-12-12 13:54:40,180.0,178.41,11
2021-12-12 13:56:45,180.0,178.21,13
2021-12-12 13:58:50,180.0,178.13,6
2021-12-12 14:00:54,180.0,178.37,14
2021-12-12 14:02:59,179.9,178.35,17
2021-12-12 14:05:03,180.0,178.15,10
2021-12-12 14:07:08,180.0,178.36,11
2021-12-12 14:09:13,180.0,178.46,12
2021-12-12 14:11:17,180.0,178.46,12
2021-12-12 14:13:22,180.0,178.42,13
2021-12-12 14:15:27,180.0,178.27,10
2021-12-12 14:17:31,180.0,178.52,14
2021-12-12 14:19:36,180.0,178.38,13
2021-12-12 14:21:41,180.0,178.3,7
2021-12-12 14:23:45,180.0,178.4,10
2021-12-12 14:25:50,180.0,178.36,14
2021-12-12 14:27:55,180.0,178.2,14
2021-12-12 14:29:59,180.0,178.42,13
2021-12-12 14:32:04,180.0,178.5,8
2021-12-12 14:34:09,180.0,178.21,15
2021-12-12 14:36:13,180.0,178.34,13
2021-12-12 14:38:18,180.0,178.33,12
2021-12-12 14:40:23,180.0,178.35,10
2021-12-12 14:42:27,180.0,178.32,9
2021-12-12 14:44:32,180.0,178.39,12
2021-12-12 14:46:36,180.0,178.56,13
2021-12-12 14:48:41,180.0,178.2,10
2021-12-12 14:50:46,180.0,178.37,13
2021-12-12 14:52:50,180.0,178.18,8
2021-12-12 14:54:55,180.0,178.47,13
2021-12-12 14:57:00,180.0,178.3,11
2021-12-12 14:59:04,180.0,178.39,14
2021-12-12 15:01:09,180.1,178.45,10
2021-12-12 15:03:14,180.0,178.47,14
2021-12-12 15:05:18,180.0,178.24,11
2021-12-12 15:07:23,180.0,178.41,16
2021-12-12 15:09:28,180.0,178.43,10
2021-12-12 15:11:32,180.0,178.32,15
2021-12-12 15:13:37,180.0,178.33,9
2021-12-12 15:15:42,180.0,178.47,12
2021-12-12 15:17:46,180.0,178.25,11
2021-12-12 15:19:51,180.0,178.36,9
2021-12-12 15:21:56,180.0,178.47,14
2021-12-12 15:24:00,180.0,178.38,7
2021-12-12 15:26:05,180.0,178.36,8
2021-12-12 15:28:10,180.0,178.44,13
2021-12-12 15:30:14,180.0,178.42,11
2021-12-12 15:32:19,180.0,178.47,11
2021-12-12 15:34:24,180.0,178.31,15
2021-12-12 15:36:29,180.0,178.42,14
2021-12-12 15:38:33,180.0,178.43,10
2021-12-12 15:40:38,180.0,178.36,8
2021-12-12 15:42:43,180.0,178.31,10
2021-12-12 15:44:48,180.0,178.5,12
2021-12-12 15:46:52,180.0,178.39,17
2021-12-12 15:48:57,180.0,178.26,14
2021-12-12 15:51:02,180.0,178.48,11
2021-12-12 15:53:06,180.0,178.54,14
2021-12-12 15:55:11,180.0,178.3,12
2021-12-12 15:57:16,180.0,178.34,11
2021-12-12 15:59:20,180.0,178.48,17
2021-12-12 16:01:25,180.0,178.49,16
2021-12-12 16:03:30,180.0,178.27,16
2021-12-12 16:05:34,180.0,178.38,16
2021-12-12 16:07:39,180.0,178.4,9
2021-12-12 16:09:44,180.0,178.46,14
2021-12-12 16:11:48,179.9,178.41,15
2021-12-12 16:13:53,180.0,178.47,12
2021-12-12 16:15:57,180.0,178.34,12
2021-12-12 16:18:02,180.0,178.24,11
2021-12-12 16:20:06,180.0,178.5,11
2021-12-12 16:22:11,180.0,178.39,11
2021-12-12 16:24:16,180.0,178.3,11
2021-12-12 16:26:20,180.0,178.29,10
2021-12-12 16:28:25,180.1,178.3,8
2021-12-12 16:30:30,180.0,178.26,9
2021-12-12 16:32:35,180.0,178.3,13
2021-12-12 16:34:39,180.0,178.41,14
2021-12-12 16:36:44,180.0,178.35,14
2021-12-12 16:38:49,180.0,178.35,10
2021-12-12 16:40:53,180.0,178.34,13
2021-12-12 16:42:58,180.0,178.39,11
2021-12-12 16:45:03,180.0,178.27,10
2021-12-12 16:47:07,180.0,178.41,9
2021-12-12 16:49:12,180.0,178.31,13
2021-12-12 16:51:17,180.0,178.36,11
2021-12-12 16:53:21,180.0,178.48,12
2021-12-12 16:55:26,180.0,178.39,13
2021-12-12 16:57:31,180.0,178.38,12
2021-12-12 16:59:35,180.0,178.37,9
2021-12-12 17:01:40,180.0,178.36,10
2021-12-12 17:03:45,180.0,178.5,8
2021-12-12 17:05:49,180.0,178.24,11
2021-12-12 17:07:54,180.0,178.42,15
2021-12-12 17:09:59,180.0,178.25,11
2021-12-12 17:12:03,180.0,178.05,14
2021-12-12 17:14:08,180.0,178.33,10
2021-12-12 17:16:13,180.0,178.52,16
2021-12-12 17:18:17,180.0,178.49,9
2021-12-12 17:20:22,180.0,178.35,12
2021-12-12 17:22:27,180.0,178.4,17
2021-12-12 17:24:31,180.0,178.49,10
2021-12-12 17:26:36,180.0,178.2,11
2021-12-12 17:28:41,180.0,178.27,12
2021-12-12 17:30:45,180.0,178.45,12
2021-12-12 17:32:50,180.0,178.16,12
2021-12-12 17:34:55,180.0,178.37,8
2021-12-12 17:36:59,180.0,178.54,9
2021-12-12 17:39:04,180.0,178.43,10
2021-12-12 17:41:09,180.0,178.21,10
2021-12-12 17:43:13,180.0,178.23,15
2021-12-12 17:45:18,180.0,178.55,12
2021-12-12 17:47:23,180.0,178.37,11
2021-12-12 17:49:27,180.0,178.46,14
2021-12-12 17:51:32,180.0,178.51,16
2021-12-12 17:53:37,180.0,178.3,13
2021-12-12 17:55:41,180.0,178.35,10
2021-12-12 17:57:46,180.0,178.56,13
2021-12-12 17:59:51,180.0,178.28,11
2021-12-12 18:01:56,180.0,178.39,11
2021-12-12 18:04:00,180.0,178.38,12
2021-12-12 18:06:05,180.0,178.36,10
2021-12-12 18:08:10,180.0,178.15,14
2021-12-12 18:10:14,180.0,178.25,13
2021-12-12 18:12:19,180.0,178.45,14
2021-12-12 18:14:24,180.0,178.43,14
2021-12-12 18:16:28,180.0,178.46,12
2021-12-12 18:18:33,180.0,178.54,9
2021-12-12 18:20:38,180.0,178.3,11
2021-12-12 18:22:42,180.0,178.34,13
2021-12-12 18:24:47,180.0,178.41,8
2021-12-12 18:26:52,180.0,178.28,14
2021-12-12 18:28:56,180.0,178.38,13
2021-12-12 18:31:01,180.0,178.35,14
2021-12-12 18:33:06,180.0,178.37,12
2021-12-12 18:35:11,180.0,178.34,8
2021-12-12 18:37:16,180.0,178.47,14
2021-12-12 18:39:20,180.0,178.44,13
2021-12-12 18:41:25,180.0,178.21,11
2021-12-12 18:43:30,180.0,178.45,12
2021-12-12 18:45:34,180.0,178.48,12
2021-12-12 18:47:39,180.0,178.38,12
2021-12-12 18:49:44,180.0,178.34,15
2021-12-12 18:51:48,180.0,178.55,16
2021-12-12 18:53:53,180.0,178.46,12
2021-12-12 18:55:58,180.0,178.31,12
2021-12-12 18:58:02,180.0,178.43,13
2021-12-12 19:00:07,180.0,178.45,7
2021-12-12 19:02:12,180.0,178.41,11
2021-12-12 19:04:16,180.0,178.34,12
2021-12-12 19:06:21,180.0,178.51,8
2021-12-12 19:08:26,180.0,178.23,9
2021-12-12 19:10:31,180.0,178.34,10
2021-12-12 19:12:35,180.0,178.6,15
2021-12-12 19:14:40,180.0,178.32,13
2021-12-12 19:16:45,180.0,178.37,10
2021-12-12 19:18:49,180.0,178.47,12
2021-12-12 19:20:54,180.0,178.29,11
2021-12-12 19:22:59,180.0,178.34,15
2021-12-12 19:25:03,180.0,178.37,12
2021-12-12 19:27:08,180.0,178.38,6
2021-12-12 19:29:13,180.0,178.38,12
2021-12-12 19:31:17,180.0,178.48,17
2021-12-12 19:33:22,180.0,178.45,10
2021-12-12 19:35:27,180.0,178.3,12
2021-12-12 19:37:32,179.6,178.24,14
2021-12-12 19:39:36,179.1,178.37,10
2021-12-12 19:41:41,178.5,178.34,8
2021-12-12 19:43:46,177.9,178.36,9
2021-12-12 19:45:51,177.3,178.53,8
2021-12-12 19:47:55,176.7,178.41,7
2021-12-12 19:50:00,176.1,178.19,13
2021-12-12 19:52:05,175.5,178.42,11
2021-12-12 19:54:10,174.9,178.33,8
2021-12-12 19:56:14,174.4,178.02,12
2021-12-12 19:58:19,173.8,178.2,35
2021-12-12 20:00:24,173.3,178.14,30
2021-12-12 20:02:28,172.6,178.0,32
2021-12-12 20:04:33,172.1,177.98,33
2021-12-12 20:06:38,171.4,178.08,7
2021-12-12 20:08:42,170.8,177.78,11
2021-12-12 20:10:47,170.3,177.87,9
2021-12-12 20:12:52,169.7,177.79,12
2021-12-12 20:14:57,169.1,177.5,8
2021-12-12 20:17:01,168.6,177.7,4
2021-12-12 20:19:06,167.9,177.45,8
2021-12-12 20:21:11,167.4,177.37,7
2021-12-12 20:23:15,166.8,177.37,8
2021-12-12 20:25:20,166.2,177.4,9
2021-12-12 20:27:25,165.6,176.88,5
2021-12-12 20:29:30,165.0,177.0,11
2021-12-12 20:31:34,164.4,176.98,8
2021-12-12 20:33:39,163.9,176.76,8
2021-12-12 20:35:44,163.3,176.73,7
2021-12-12 20:37:49,162.6,176.59,9
2021-12-12 20:39:53,162.1,176.32,12
2021-12-12 20:41:58,161.5,176.35,10
2021-12-12 20:44:03,160.9,176.13,7
2021-12-12 20:46:07,160.4,175.81,11
2021-12-12 20:48:12,159.7,175.73,7
2021-12-12 20:50:17,159.2,175.67,8
2021-12-12 20:52:22,158.6,175.38,8
2021-12-12 20:54:26,158.1,175.43,5
2021-12-12 20:56:31,157.4,175.08,8
2021-12-12 20:58:36,156.8,175.01,6
2021-12-12 21:00:40,156.3,174.93,7
2021-12-12 21:02:45,155.7,174.7,9
2021-12-12 21:04:50,155.1,174.51,3
2021-12-12 21:06:54,154.5,174.27,7
2021-12-12 21:08:59,153.9,173.96,6
2021-12-12 21:11:04,153.4,174.06,7
2021-12-12 21:13:08,152.8,173.81,13
2021-12-12 21:15:13,152.2,173.33,10
2021-12-12 21:17:18,151.6,173.36,9
2021-12-12 21:19:22,151.0,173.03,9
2021-12-12 21:21:27,150.5,172.77,8
2021-12-12 21:23:32,149.8,172.61,10
2021-12-12 21:25:36,149.3,172.35,8
2021-12-12 21:27:41,148.7,172.15,9
2021-12-12 21:29:46,148.1,172.17,6
2021-12-12 21:31:51,147.5,171.71,9
2021-12-12 21:33:55,146.9,171.5,4
2021-12-12 21:36:01,146.3,171.27,7
2021-12-12 21:38:05,145.8,171.17,9
2021-12-12 21:40:10,145.1,170.73,7
2021-12-12 21:42:15,144.6,170.62,8
2021-12-12 21:44:20,144.0,170.24,2
2021-12-12 21:46:25,143.4,169.91,10
2021-12-12 21:48:29,142.8,169.6,10
2021-12-12 21:50:34,142.2,169.39,5
2021-12-12 21:52:38,141.7,169.24,7
2021-12-12 21:54:43,141.0,168.87,11
2021-12-12 21:56:48,140.5,168.52,6
2021-12-12 21:58:53,139.9,168.41,8
2021-12-12 22:00:57,139.3,168.38,6
2021-12-12 22:03:02,138.7,167.68,9
2021-12-12 22:05:07,138.1,167.47,10
2021-12-12 22:07:12,137.6,167.12,6
2021-12-12 22:09:16,137.0,166.76,2
2021-12-12 22:11:21,136.4,166.72,5
2021-12-12 22:13:26,135.8,166.33,8
2021-12-12 22:15:30,135.3,166.05,1
2021-12-12 22:17:35,134.6,165.81,5
2021-12-12 22:19:40,134.0,165.57,8
2021-12-12 22:21:44,133.4,165.03,10
2021-12-12 22:23:49,132.9,164.71,7
2021-12-12 22:25:54,132.3,164.43,6
2021-12-12 22:27:58,131.7,164.02,9
2021-12-12 22:30:03,131.1,163.8,10
2021-12-12 22:32:08,130.5,163.28,9
2021-12-12 22:34:12,130.0,163.2,5
2021-12-12 22:36:17,129.3,162.86,8
2021-12-12 22:38:22,128.8,162.39,5
2021-12-12 22:40:27,128.2,162.05,6
2021-12-12 22:42:31,127.6,161.8,4
2021-12-12 22:44:36,127.0,161.32,9
2021-12-12 22:46:41,126.5,161.15,6
2021-12-12 22:48:45,125.9,160.81,8
2021-12-12 22:50:50,125.3,160.43,4
2021-12-12 22:52:55,124.7,160.09,6
2021-12-12 22:54:59,124.1,159.63,5
2021-12-12 22:57:04,123.5,159.27,8
2021-12-12 22:59:09,123.0,158.9,3
2021-12-12 23:01:14,122.4,158.64,1
2021-12-12 23:03:18,121.8,158.13,6
2021-12-12 23:05:23,121.2,157.94,6
2021-12-12 23:07:28,120.6,157.58,7
2021-12-12 23:09:32,120.1,156.98,5
2021-12-12 23:11:37,119.5,156.63,2
2021-12-12 23:13:42,118.9,156.44,0
2021-12-12 23:15:46,118.4,155.99,0
2021-12-12 23:17:51,117.8,155.59,0
2021-12-12 23:19:56,117.3,155.27,0
2021-12-12 23:22:00,116.9,154.65,0
2021-12-12 23:24:05,116.3,154.49,0
2021-12-12 23:26:10,115.9,154.13,0
2021-12-12 23:28:14,115.4,153.5,0
2021-12-12 23:30:19,114.9,153.31,0
2021-12-12 23:32:24,114.5,152.98,0
2021-12-12 23:34:28,114.1,152.45,0
2021-12-12 23:36:33,113.7,152.15,0
2021-12-12 23:38:38,113.3,151.9,0
2021-12-12 23:40:43,113.0,151.22,0
2021-12-12 23:42:47,112.5,150.87,0
2021-12-12 23:44:52,112.2,150.73,0
2021-12-12 23:46:56,111.8,150.12,0
2021-12-12 23:49:01,111.4,149.71,0
2021-12-12 23:51:06,111.1,149.4,0
2021-12-12 23:53:10,110.8,148.81,0
2021-12-12 23:55:15,110.4,148.64,0
2021-12-12 23:57:20,110.0,148.29,0
2021-12-12 23:59:24,109.7,147.65,5
2021-12-13 0:01:29,110.0,147.42,2
2021-12-13 0:03:34,109.6,146.94,0
2021-12-13 0:05:38,109.3,146.6,0
2021-12-13 0:07:43,108.9,146.16,0
2021-12-13 0:09:48,108.6,146.06,0
2021-12-13 0:11:53,108.3,145.37,0
2021-12-13 0:13:57,108.0,145.02,0
2021-12-13 0:16:02,107.8,144.8,0
2021-12-13 0:18:07,107.5,144.29,0
2021-12-13 0:20:11,107.2,143.72,0
2021-12-13 0:22:16,106.9,143.57,0
2021-12-13 0:24:21,106.8,143.07,0
2021-12-13 0:26:25,106.5,142.74,0
2021-12-13 0:28:30,106.2,142.34,0
2021-12-13 0:30:35,106.0,142.13,0
2021-12-13 0:32:40,105.7,141.69,0
2021-12-13 0:34:44,105.5,141.28,0
2021-12-13 0:36:49,105.3,140.91,0
2021-12-13 0:38:54,105.0,140.46,0
2021-12-13 0:40:58,101.9,140.29,0
2021-12-13 0:43:03,99.5,139.69,0
2021-12-13 0:45:08,97.4,139.19,6
2021-12-13 0:47:12,97.3,138.91,9
2021-12-13 0:49:17,96.7,138.46,9
2021-12-13 0:51:22,96.1,137.83,10
2021-12-13 0:53:26,95.5,137.6,12
2021-12-13 0:55:31,95.0,137.09,2
2021-12-13 0:57:36,94.4,136.59,6
2021-12-13 0:59:41,93.8,136.21,7
2021-12-13 1:01:46,93.2,135.84,9
2021-12-13 1:03:51,92.7,135.2,2
2021-12-13 1:05:55,92.0,134.9,9
2021-12-13 1:08:00,91.4,134.71,13
2021-12-13 1:10:04,90.8,133.95,8
2021-12-13 1:12:09,90.3,133.42,13
2021-12-13 1:14:14,89.7,133.23,11
2021-12-13 1:16:18,89.1,132.69,7
2021-12-13 1:18:23,88.5,132.04,8
2021-12-13 1:20:28,87.9,131.78,12
2021-12-13 1:22:33,87.3,131.23,12
2021-12-13 1:24:37,86.8,130.67,9
2021-12-13 1:26:42,86.2,130.4,9
2021-12-13 1:28:47,85.6,129.81,8
2021-12-13 1:30:52,85.0,129.37,12
2021-12-13 1:32:56,84.4,128.73,11
2021-12-13 1:35:01,83.8,128.46,7
2021-12-13 1:37:06,83.2,127.77,9
2021-12-13 1:39:10,82.7,127.43,12
2021-12-13 1:41:15,82.1,126.98,9
2021-12-13 1:43:20,81.5,126.42,9
2021-12-13 1:45:24,80.9,125.94,9
2021-12-13 1:47:29,80.3,125.53,9
2021-12-13 1:49:34,79.7,124.92,9
2021-12-13 1:51:38,79.1,124.28,13
2021-12-13 1:53:43,78.6,123.73,7
2021-12-13 1:55:48,78.0,123.17,8
2021-12-13 1:57:53,77.4,122.96,14
2021-12-13 1:59:58,76.8,122.38,7
2021-12-13 2:02:02,76.2,121.81,7
2021-12-13 2:04:07,75.6,121.19,10
2021-12-13 2:06:12,75.1,120.76,10
2021-12-13 2:08:16,74.5,120.29,3
2021-12-13 2:10:21,73.9,119.58,4
2021-12-13 2:12:25,73.3,119.42,7
2021-12-13 2:14:30,72.7,118.79,7
2021-12-13 2:16:35,72.1,118.18,10
2021-12-13 2:18:40,71.5,117.65,10
2021-12-13 2:20:45,70.9,116.97,13
2021-12-13 2:22:49,70.4,116.45,8
2021-12-13 2:24:54,69.8,116.16,10
2021-12-13 2:26:59,69.2,115.47,8
2021-12-13 2:29:03,68.6,115.05,14
2021-12-13 2:31:08,68.0,114.46,13
2021-12-13 2:33:13,67.4,113.86,12
2021-12-13 2:35:17,66.8,113.29,12
2021-12-13 2:37:22,66.2,112.71,9
2021-12-13 2:39:27,65.7,112.4,4
2021-12-13 2:41:32,65.1,111.78,4
2021-12-13 2:43:37,64.5,111.13,7
2021-12-13 2:45:41,63.9,110.77,10
2021-12-13 2:47:46,63.3,110.15,10
2021-12-13 2:49:51,62.7,109.61,10
2021-12-13 2:51:55,62.2,108.97,7
2021-12-13 2:54:00,61.7,108.25,1
2021-12-13 2:56:05,61.0,107.92,8
2021-12-13 2:58:09,60.4,107.31,10
2021-12-13 3:00:14,59.9,106.8,5
2021-12-13 3:02:19,59.2,106.24,9
2021-12-13 3:04:23,58.6,105.64,7
2021-12-13 3:06:28,58.1,105.06,5
2021-12-13 3:08:33,57.6,104.52,5
2021-12-13 3:10:37,56.9,104.06,7
2021-12-13 3:12:42,56.3,103.21,3
2021-12-13 3:14:47,55.7,102.9,3
2021-12-13 3:16:52,55.1,102.36,5
2021-12-13 3:18:56,54.6,101.62,0
2021-12-13 3:21:01,54.1,101.08,0
2021-12-13 3:23:06,53.4,100.45,0
2021-12-13 3:25:11,53.1,99.94,0
2021-12-13 3:27:15,52.7,99.18,0
2021-12-13 3:29:20,52.1,98.84,0
2021-12-13 3:31:25,51.9,98.33,0
2021-12-13 3:33:29,51.6,97.72,0
2021-12-13 3:35:34,51.1,97.07,0
2021-12-13 3:37:39,50.9,96.51,0
2021-12-13 3:39:43,50.7,95.87,0
2021-12-13 3:41:48,50.3,95.43,0
2021-12-13 3:43:53,50.1,94.79,0
2021-12-13 3:45:58,49.9,94.33,0
2021-12-13 3:48:03,49.6,93.86,0
2021-12-13 3:50:08,49.4,93.26,0
2021-12-13 3:52:12,49.3,92.73,0
2021-12-13 3:54:17,49.1,92.16,0
2021-12-13 3:56:22,48.8,91.74,0
2021-12-13 3:58:26,48.7,91.26,0
2021-12-13 4:00:31,48.6,90.7,0
2021-12-13 4:02:36,48.4,90.04,0
2021-12-13 4:04:40,48.2,89.65,0
2021-12-13 4:06:45,48.2,89.08,0
2021-12-13 4:08:50,48.0,88.58,0
2021-12-13 4:10:55,47.8,88.07,0
2021-12-13 4:12:59,46.9,87.45,0
2021-12-13 4:15:04,45.9,86.99,0
2021-12-13 4:17:09,45.0,86.74,0
2021-12-13 4:19:13,44.4,86.07,0
2021-12-13 4:21:18,44.0,85.45,0
2021-12-13 4:23:23,43.5,85.22,0
2021-12-13 4:25:27,42.9,84.44,0
2021-12-13 4:27:32,42.6,84.02,0
2021-12-13 4:29:37,42.3,83.44,0
2021-12-13 4:31:42,42.0,82.98,0
2021-12-13 4:33:46,41.7,82.5,0
2021-12-13 4:35:51,41.4,82.2,0
2021-12-13 4:37:56,41.2,81.58,0
2021-12-13 4:40:00,41.0,81.05,0
2021-12-13 4:42:05,40.8,80.49,0
2021-12-13 4:44:10,40.6,80.03,0
2021-12-13 4:46:14,40.4,79.58,0
2021-12-13 4:48:19,40.2,79.05,0
2021-12-13 4:50:24,40.1,78.57,0
2021-12-13 4:52:28,39.9,78.27,0
2021-12-13 4:54:33,39.8,77.73,0
2021-12-13 4:56:38,39.7,77.22,0
2021-12-13 4:58:42,39.6,76.77,0
2021-12-13 5:00:47,39.5,76.14,0
2021-12-13 5:02:52,39.4,75.93,0
2021-12-13 5:04:57,39.3,75.35,0
2021-12-13 5:07:01,39.2,75.06,0
2021-12-13 5:09:06,39.1,74.57,0
2021-12-13 5:11:11,39.0,74.09,0
2021-12-13 5:13:16,39.0,73.66,0
2021-12-13 5:15:20,38.6,73.3,0
2021-12-13 5:17:25,38.4,72.97,0
2021-12-13 5:19:30,38.2,72.53,0
2021-12-13 5:21:34,35.8,72.17,0
2021-12-13 5:23:39,34.2,71.57,0
2021-12-13 5:25:44,33.2,71.22,0
2021-12-13 5:27:49,31.6,70.93,0
2021-12-13 5:29:53,30.1,70.56,0
2021-12-13 5:31:58,29.0,70.2,0
2021-12-13 5:34:02,28.2,69.83,0
2021-12-13 5:36:07,27.5,69.6,0
2021-12-13 5:38:12,27.0,68.88,0
2021-12-13 5:40:17,26.7,68.71,0
2021-12-13 5:42:21,26.4,68.38,0
2021-12-13 5:44:26,25.8,67.93,0
2021-12-13 5:46:31,25.2,67.6,0
2021-12-13 5:48:35,24.2,67.13,0
2021-12-13 5:50:40,23.8,66.84,0
2021-12-13 5:52:45,23.6,66.41,0
2021-12-13 5:54:49,23.4,66.12,0
2021-12-13 5:56:54,23.2,65.94,0
2021-12-13 5:58:59,23.2,65.55,0
2021-12-13 6:01:03,23.1,65.12,0
2021-12-13 6:03:08,23.0,64.7,0
2021-12-13 6:05:13,23.0,64.51,0
2021-12-13 6:08:17,None,64.1,None
2021-12-13 6:12:22,None,63.32,None
2021-12-13 6:16:27,None,62.56,None
2021-12-13 6:20:31,None,62.14,None
2021-12-13 6:24:35,None,61.57,None
2021-12-13 6:28:40,None,60.95,None
2021-12-13 6:32:44,None,60.23,None
2021-12-13 6:36:49,None,59.69,None
2021-12-13 6:40:53,None,59.05,None
2021-12-13 6:44:58,None,58.47,None
2021-12-13 6:49:02,None,57.87,None
2021-12-13 6:53:06,None,57.36,None
2021-12-13 6:57:11,None,56.78,None
2021-12-13 7:01:15,None,56.35,None
2021-12-13 7:05:20,None,55.79,None
2021-12-13 7:09:24,None,55.23,None
2021-12-13 7:13:29,None,54.69,None
2021-12-13 7:17:33,None,54.27,None
2021-12-13 7:21:37,None,53.78,None
2021-12-13 7:25:42,None,53.18,None
2021-12-13 7:29:47,None,52.49,None
2021-12-13 7:33:51,None,51.58,None
2021-12-13 7:37:55,None,51.0,None
2021-12-13 7:42:00,None,50.48,None
2021-12-13 7:46:04,None,48.66,None
2021-12-13 7:50:10,None,47.37,None
2021-12-13 7:54:14,None,46.51,None
2021-12-13 7:58:19,None,45.47,None
2021-12-13 8:02:23,None,44.77,None
2021-12-13 8:06:28,None,43.99,None
2021-12-13 8:10:32,None,43.22,None
2021-12-13 8:14:37,None,42.46,None
2021-12-13 8:18:41,None,41.82,None
2021-12-13 8:22:46,None,41.2,None
2021-12-13 8:26:50,None,38.97,None
2021-12-13 8:30:55,None,21.26,None
2021-12-13 8:34:59,None,21.01,None
2021-12-13 8:39:04,None,21.61,None
2021-12-13 8:43:08,None,20.77,None
2021-12-13 8:47:12,None,21.12,None
2021-12-13 8:51:17,None,22.08,None
2021-12-13 8:55:21,None,21.09,None
2021-12-13 8:59:26,None,20.75,None
2021-12-13 9:03:30,None,21.52,None
2021-12-13 9:07:35,None,21.25,None
2021-12-13 9:11:39,None,21.29,None
2021-12-13 9:15:44,None,21.24,None
2021-12-13 9:19:48,None,21.39,None
2021-12-13 9:23:53,None,21.45,None
2021-12-13 9:27:57,None,21.25,None
2021-12-13 9:32:02,None,21.36,None
2021-12-13 9:36:06,None,21.38,None
2021-12-13 9:40:11,None,21.25,None
2021-12-13 9:44:15,None,21.42,None
2021-12-13 9:48:20,None,21.33,None
2021-12-13 9:52:24,None,21.35,None
2021-12-13 9:56:29,None,21.4,None
2021-12-13 10:00:33,None,21.3,None
2021-12-13 10:04:38,None,21.5,None
2021-12-13 10:08:42,None,21.55,None
2021-12-13 10:12:46,None,21.58,None
2021-12-13 10:16:51,None,21.4,None
2021-12-13 10:20:56,None,21.5,None
2021-12-13 10:25:00,None,21.41,None
2021-12-13 10:29:05,None,21.28,None
2021-12-13 10:33:10,None,21.28,None
2021-12-13 10:37:14,None,21.56,None
2021-12-13 10:41:19,None,21.32,None
2021-12-13 10:45:24,None,21.5,None
2021-12-13 10:49:28,None,21.4,None
2021-12-13 10:53:33,None,21.13,None
2021-12-13 10:57:37,None,21.33,None
2021-12-13 11:01:42,None,21.41,None
2021-12-13 11:05:46,None,21.09,None
2021-12-13 11:09:51,None,21.25,None
2021-12-13 11:13:55,None,21.18,None
2021-12-13 11:18:00,None,21.27,None
2021-12-13 11:22:04,None,21.22,None
2021-12-13 11:26:09,None,21.29,None
2021-12-13 11:30:14,None,21.33,None
2021-12-13 11:34:19,None,21.19,None
2021-12-13 11:38:23,None,21.49,None
2021-12-13 11:42:28,None,21.2,None
2021-12-13 11:46:33,None,21.1,None
2021-12-13 11:50:37,None,21.31,None
2021-12-13 11:54:42,None,21.19,None
2021-12-13 11:58:46,None,21.13,None
2021-12-13 12:02:51,None,21.22,None
2021-12-13 12:06:56,None,21.3,None
2021-12-13 12:11:00,None,20.97,None
2021-12-13 12:15:05,None,21.3,None
2021-12-13 12:19:09,None,21.16,None
2021-12-13 12:23:14,None,21.02,None
2021-12-13 12:27:18,None,21.29,None
2021-12-13 12:31:23,None,21.19,None
2021-12-13 12:35:27,None,21.01,None
2021-12-13 12:39:32,None,20.94,None
2021-12-13 12:43:36,None,21.21,None
2021-12-13 12:47:41,None,21.13,None
2021-12-13 12:51:46,None,21.15,None
2021-12-13 12:55:50,None,21.03,None
2021-12-13 12:59:55,None,21.32,None
2021-12-13 13:04:00,None,21.08,None
2021-12-13 13:08:04,None,21.14,None
2021-12-13 13:12:09,None,21.05,None
2021-12-13 13:16:13,None,21.0,None
2021-12-13 13:20:18,None,21.09,None
2021-12-13 13:24:22,None,21.04,None
2021-12-13 13:28:27,None,20.93,None
2021-12-13 13:32:31,None,21.06,None
2021-12-13 13:36:36,None,21.12,None
2021-12-13 13:40:40,None,21.09,None
2021-12-13 13:44:45,None,21.1,None
2021-12-13 13:48:49,None,20.97,None
2021-12-13 13:52:54,None,20.72,None
2021-12-13 13:56:58,None,21.08,None
2021-12-13 14:01:03,None,20.82,None
2021-12-13 14:05:07,None,20.93,None
2021-12-13 14:09:12,None,21.0,None
2021-12-13 14:13:17,None,20.92,None
2021-12-13 14:17:21,None,20.81,None
2021-12-13 14:21:25,None,20.96,None
2021-12-13 14:25:30,None,20.95,None
2021-12-13 14:29:34,None,20.7,None
2021-12-13 14:33:39,None,20.65,None
